homeid,year_month,consumo_kwh,uso_horario_pico,cantidad_equipos,tipo_inmueble,horas_alto_consumo,month_coverage,peak_coverage,peak_energy_share,complete_day_ratio,observed_kwh,source_member
47,2016-09,115.546342,True,6,Departamento,1,0.976492,0.979708,0.323324,0.9,112.830111,sensordata/home47_hall654_sensor1216c1220_electric-mains_electric-combined.csv.gz
47,2017-04,138.518068,True,6,Departamento,2,0.95196,0.970185,0.318521,0.866667,131.863697,sensordata/home47_hall654_sensor1216c1220_electric-mains_electric-combined.csv.gz
59,2016-12,231.323349,True,6,Departamento,3,0.970856,0.959267,0.260351,0.83871,224.5816,sensordata/home59_hall687_sensor1506c1508_electric-mains_electric-combined.csv.gz
59,2017-01,222.896912,True,6,Departamento,3,0.949347,0.960076,0.307836,0.83871,211.606514,sensordata/home59_hall687_sensor1506c1508_electric-mains_electric-combined.csv.gz
59,2017-02,190.494564,True,6,Departamento,3,0.958817,0.981741,0.312835,0.928571,182.649498,sensordata/home59_hall687_sensor1506c1508_electric-mains_electric-combined.csv.gz
59,2017-03,204.324798,True,6,Departamento,3,0.96579,0.980099,0.297061,0.935484,197.334916,sensordata/home59_hall687_sensor1506c1508_electric-mains_electric-combined.csv.gz
59,2017-04,178.796672,True,6,Departamento,2,0.98769,0.992148,0.272527,1.0,176.595721,sensordata/home59_hall687_sensor1506c1508_electric-mains_electric-combined.csv.gz
59,2017-08,198.474323,True,6,Departamento,2,0.989455,0.97778,0.288057,0.967742,196.381465,sensordata/home59_hall687_sensor1506c1508_electric-mains_electric-combined.csv.gz
59,2017-09,181.676059,True,6,Departamento,2,0.989882,0.991176,0.302189,1.0,179.83778,sensordata/home59_hall687_sensor1506c1508_electric-mains_electric-combined.csv.gz
61,2016-12,210.051136,True,8,Casa,3,0.967163,0.974516,0.298919,0.903226,203.153657,sensordata/home61_hall693_sensor1563c1569_electric-mains_electric-combined.csv.gz
61,2017-01,206.793583,True,8,Casa,3,0.929748,0.955952,0.340608,0.903226,192.265917,sensordata/home61_hall693_sensor1563c1569_electric-mains_electric-combined.csv.gz
61,2017-04,148.871679,True,8,Casa,2,0.92166,0.92819,0.304905,0.866667,137.209087,sensordata/home61_hall693_sensor1563c1569_electric-mains_electric-combined.csv.gz
61,2017-05,140.883011,True,8,Casa,1,0.963752,0.97987,0.316209,0.967742,135.776317,sensordata/home61_hall693_sensor1563c1569_electric-mains_electric-combined.csv.gz
61,2017-06,112.726116,False,8,Casa,1,0.925596,0.938174,0.187483,0.9,104.33885,sensordata/home61_hall693_sensor1563c1569_electric-mains_electric-combined.csv.gz
61,2017-07,176.065091,True,8,Casa,2,0.972949,0.972043,0.283229,1.0,171.302314,sensordata/home61_hall693_sensor1563c1569_electric-mains_electric-combined.csv.gz
62,2016-09,148.071899,False,8,Departamento,2,0.976543,0.983345,0.247048,0.966667,144.598551,sensordata/home62_hall705_sensor1662c1666_electric-mains_electric-combined.csv.gz
62,2016-10,187.215108,False,8,Departamento,2,0.942797,0.980361,0.218615,0.903226,176.505874,sensordata/home62_hall705_sensor1662c1666_electric-mains_electric-combined.csv.gz
62,2016-11,152.826099,False,8,Departamento,2,0.948635,0.955512,0.217389,0.9,144.976191,sensordata/home62_hall705_sensor1662c1666_electric-mains_electric-combined.csv.gz
62,2016-12,149.49863,False,8,Departamento,2,0.963294,0.961543,0.23634,0.935484,144.011152,sensordata/home62_hall705_sensor1662c1666_electric-mains_electric-combined.csv.gz
62,2017-01,192.521083,True,8,Departamento,2,0.902482,0.926552,0.255664,0.806452,173.746827,sensordata/home62_hall705_sensor1662c1666_electric-mains_electric-combined.csv.gz
62,2017-02,166.739888,False,8,Departamento,2,0.917663,0.948043,0.239617,0.857143,153.011003,sensordata/home62_hall705_sensor1662c1666_electric-mains_electric-combined.csv.gz
62,2017-03,180.061009,False,8,Departamento,2,0.941744,0.955896,0.246398,0.903226,169.571385,sensordata/home62_hall705_sensor1662c1666_electric-mains_electric-combined.csv.gz
62,2017-04,147.681592,False,8,Departamento,1,0.973028,0.963044,0.212531,0.966667,143.698291,sensordata/home62_hall705_sensor1662c1666_electric-mains_electric-combined.csv.gz
62,2017-05,165.12379,False,8,Departamento,2,0.960435,0.982133,0.223529,0.935484,158.590661,sensordata/home62_hall705_sensor1662c1666_electric-mains_electric-combined.csv.gz
62,2017-06,152.814784,False,8,Departamento,1,0.932205,0.951722,0.221547,0.9,142.454743,sensordata/home62_hall705_sensor1662c1666_electric-mains_electric-combined.csv.gz
62,2017-07,149.052128,False,8,Departamento,1,0.976278,0.978322,0.235294,1.0,145.516369,sensordata/home62_hall705_sensor1662c1666_electric-mains_electric-combined.csv.gz
62,2017-08,132.642436,False,8,Departamento,1,0.973207,0.960703,0.20557,0.967742,129.088566,sensordata/home62_hall705_sensor1662c1666_electric-mains_electric-combined.csv.gz
62,2017-09,133.827174,True,8,Departamento,1,0.973339,0.975141,0.259561,1.0,130.259224,sensordata/home62_hall705_sensor1662c1666_electric-mains_electric-combined.csv.gz
62,2017-10,153.971458,True,8,Departamento,2,0.922732,0.926454,0.258578,0.903226,142.074436,sensordata/home62_hall705_sensor1662c1666_electric-mains_electric-combined.csv.gz
62,2017-11,177.725519,True,8,Departamento,2,0.97291,0.97559,0.253548,0.966667,172.910954,sensordata/home62_hall705_sensor1662c1666_electric-mains_electric-combined.csv.gz
62,2018-04,163.35892,False,8,Departamento,2,0.936574,0.972187,0.237468,0.9,152.997666,sensordata/home62_hall705_sensor1662c1666_electric-mains_electric-combined.csv.gz
62,2018-06,143.587384,False,8,Departamento,1,0.926425,0.948389,0.201782,0.866667,133.022909,sensordata/home62_hall705_sensor1662c1666_electric-mains_electric-combined.csv.gz
63,2016-12,318.591948,False,11,Casa,4,0.944798,0.945161,0.232474,0.903226,301.00492,sensordata/home63_hall722_sensor1862c1866_electric-mains_electric-combined.csv.gz
63,2017-01,333.796278,False,11,Casa,5,0.944792,0.958098,0.239756,0.935484,315.368067,sensordata/home63_hall722_sensor1862c1866_electric-mains_electric-combined.csv.gz
63,2017-02,293.989017,False,11,Casa,5,0.953339,0.992354,0.227368,0.892857,280.271109,sensordata/home63_hall722_sensor1862c1866_electric-mains_electric-combined.csv.gz
63,2017-03,297.139205,False,11,Casa,4,0.951684,0.976494,0.217206,0.903226,282.782586,sensordata/home63_hall722_sensor1862c1866_electric-mains_electric-combined.csv.gz
63,2017-05,307.895966,False,11,Casa,4,0.967171,0.960072,0.224111,0.935484,297.787956,sensordata/home63_hall722_sensor1862c1866_electric-mains_electric-combined.csv.gz
63,2017-08,315.317496,False,11,Casa,4,0.982973,0.975022,0.226419,0.967742,309.948599,sensordata/home63_hall722_sensor1862c1866_electric-mains_electric-combined.csv.gz
63,2017-09,314.248762,False,11,Casa,5,0.9834,0.990405,0.239326,1.0,309.032378,sensordata/home63_hall722_sensor1862c1866_electric-mains_electric-combined.csv.gz
63,2017-10,326.996839,False,11,Casa,5,0.975848,0.979707,0.205904,0.903226,319.099171,sensordata/home63_hall722_sensor1862c1866_electric-mains_electric-combined.csv.gz
63,2017-11,330.970988,False,11,Casa,5,0.984076,0.993833,0.190611,1.0,325.700735,sensordata/home63_hall722_sensor1862c1866_electric-mains_electric-combined.csv.gz
64,2016-11,234.454421,False,10,Departamento,4,0.971134,0.96587,0.239422,0.8,227.68663,sensordata/home64_hall713_sensor1810c1814_electric-mains_electric-combined.csv.gz
64,2016-12,283.550219,False,10,Departamento,5,0.982006,0.978112,0.245001,0.870968,278.447924,sensordata/home64_hall713_sensor1810c1814_electric-mains_electric-combined.csv.gz
64,2017-01,279.929003,True,10,Departamento,6,0.948082,0.955948,0.265954,0.806452,265.395771,sensordata/home64_hall713_sensor1810c1814_electric-mains_electric-combined.csv.gz
64,2017-02,264.031301,True,10,Departamento,5,0.960519,0.989199,0.29783,0.928571,253.607128,sensordata/home64_hall713_sensor1810c1814_electric-mains_electric-combined.csv.gz
64,2017-03,282.376706,True,10,Departamento,6,0.962793,0.974805,0.301599,0.935484,271.870451,sensordata/home64_hall713_sensor1810c1814_electric-mains_electric-combined.csv.gz
64,2017-04,235.220106,True,10,Departamento,5,0.977049,0.977866,0.258302,0.966667,229.821477,sensordata/home64_hall713_sensor1810c1814_electric-mains_electric-combined.csv.gz
64,2017-05,249.564603,True,10,Departamento,4,0.978226,0.960918,0.250807,0.935484,244.130628,sensordata/home64_hall713_sensor1810c1814_electric-mains_electric-combined.csv.gz
64,2017-06,225.810057,False,10,Departamento,4,0.93274,0.922868,0.229292,0.9,210.621979,sensordata/home64_hall713_sensor1810c1814_electric-mains_electric-combined.csv.gz
64,2017-10,271.919761,True,10,Departamento,5,0.986393,0.980571,0.273871,0.935484,268.219746,sensordata/home64_hall713_sensor1810c1814_electric-mains_electric-combined.csv.gz
64,2017-11,263.634576,True,10,Departamento,4,0.997385,0.996567,0.263451,1.0,262.945078,sensordata/home64_hall713_sensor1810c1814_electric-mains_electric-combined.csv.gz
64,2018-04,194.461441,True,10,Departamento,3,0.946073,0.981477,0.254282,0.9,183.974777,sensordata/home64_hall713_sensor1810c1814_electric-mains_electric-combined.csv.gz
64,2018-06,239.499408,True,10,Departamento,4,0.940045,0.963838,0.288673,0.8,225.140162,sensordata/home64_hall713_sensor1810c1814_electric-mains_electric-combined.csv.gz
65,2017-01,346.91285,True,12,Casa,7,0.931913,0.920284,0.335323,0.806452,323.292624,sensordata/home65_hall731_sensor1910c1912_electric-mains_electric-combined.csv.gz
65,2017-04,297.882937,True,12,Casa,6,0.97558,0.974333,0.279582,0.9,290.608594,sensordata/home65_hall731_sensor1910c1912_electric-mains_electric-combined.csv.gz
65,2017-05,262.758087,False,12,Casa,4,0.956718,0.962686,0.242119,0.806452,251.385344,sensordata/home65_hall731_sensor1910c1912_electric-mains_electric-combined.csv.gz
65,2017-07,270.181264,False,12,Casa,4,0.969602,0.960208,0.233252,0.83871,261.968294,sensordata/home65_hall731_sensor1910c1912_electric-mains_electric-combined.csv.gz
65,2017-08,291.77772,False,12,Casa,5,0.955943,0.947473,0.237084,0.903226,278.922789,sensordata/home65_hall731_sensor1910c1912_electric-mains_electric-combined.csv.gz
65,2017-09,273.584726,True,12,Casa,4,0.97386,0.964079,0.265187,0.933333,266.433209,sensordata/home65_hall731_sensor1910c1912_electric-mains_electric-combined.csv.gz
65,2017-11,298.745332,True,12,Casa,5,0.954446,0.960597,0.314597,0.833333,285.136284,sensordata/home65_hall731_sensor1910c1912_electric-mains_electric-combined.csv.gz
66,2017-04,155.033056,False,4,Casa,2,0.969487,0.977282,0.20276,1.0,150.302514,sensordata/home66_utility745_sensor2045c2049_electric-mains_electric-combined.csv.gz
66,2017-05,172.528397,False,4,Casa,2,0.967234,0.979984,0.204938,0.967742,166.875361,sensordata/home66_utility745_sensor2045c2049_electric-mains_electric-combined.csv.gz
66,2017-06,156.423172,False,4,Casa,1,0.935226,0.946505,0.21025,0.933333,146.29109,sensordata/home66_utility745_sensor2045c2049_electric-mains_electric-combined.csv.gz
66,2017-07,139.54251,False,4,Casa,1,0.977944,0.982189,0.198541,0.967742,136.464749,sensordata/home66_utility745_sensor2045c2049_electric-mains_electric-combined.csv.gz
66,2017-08,172.053361,False,4,Casa,2,0.973588,0.954857,0.186067,0.935484,167.509146,sensordata/home66_utility745_sensor2045c2049_electric-mains_electric-combined.csv.gz
66,2017-09,177.444501,False,4,Casa,2,0.98103,0.986546,0.17634,0.933333,174.078327,sensordata/home66_utility745_sensor2045c2049_electric-mains_electric-combined.csv.gz
66,2017-11,212.420427,False,4,Casa,4,0.956565,0.97891,0.231783,0.9,203.193906,sensordata/home66_utility745_sensor2045c2049_electric-mains_electric-combined.csv.gz
67,2017-01,404.554532,True,6,Departamento,7,0.934244,0.936322,0.288118,0.806452,377.952624,sensordata/home67_hall767_sensor2242c2246_electric-mains_electric-combined.csv.gz
67,2017-03,372.578538,True,6,Departamento,7,0.954797,0.969863,0.307544,0.903226,355.736729,sensordata/home67_hall767_sensor2242c2246_electric-mains_electric-combined.csv.gz
67,2017-04,343.267248,True,6,Departamento,5,0.978713,0.981667,0.256508,1.0,335.960106,sensordata/home67_hall767_sensor2242c2246_electric-mains_electric-combined.csv.gz
67,2017-05,339.812623,True,6,Departamento,6,0.975723,0.976167,0.270619,0.935484,331.563058,sensordata/home67_hall767_sensor2242c2246_electric-mains_electric-combined.csv.gz
67,2017-06,350.639602,False,6,Departamento,6,0.93551,0.946868,0.232073,0.833333,328.027,sensordata/home67_hall767_sensor2242c2246_electric-mains_electric-combined.csv.gz
67,2017-08,370.409874,True,6,Departamento,6,0.971188,0.962018,0.274738,0.870968,359.737772,sensordata/home67_hall767_sensor2242c2246_electric-mains_electric-combined.csv.gz
67,2017-09,340.209258,True,6,Departamento,6,0.978475,0.982572,0.260256,1.0,332.886359,sensordata/home67_hall767_sensor2242c2246_electric-mains_electric-combined.csv.gz
67,2017-10,374.219591,True,6,Departamento,6,0.973223,0.965497,0.315348,0.903226,364.198961,sensordata/home67_hall767_sensor2242c2246_electric-mains_electric-combined.csv.gz
67,2017-11,437.367327,True,6,Departamento,8,0.984213,0.981532,0.255784,1.0,430.462424,sensordata/home67_hall767_sensor2242c2246_electric-mains_electric-combined.csv.gz
67,2018-03,376.623185,False,6,Departamento,7,0.910809,0.948752,0.245572,0.83871,343.031798,sensordata/home67_hall767_sensor2242c2246_electric-mains_electric-combined.csv.gz
67,2018-04,346.583591,True,6,Departamento,6,0.94441,0.98044,0.26395,0.9,327.316913,sensordata/home67_hall767_sensor2242c2246_electric-mains_electric-combined.csv.gz
68,2016-12,447.125917,True,5,Casa,10,0.961989,0.960672,0.310471,0.806452,430.130157,sensordata/home68_utility757_sensor2122c2126_electric-mains_electric-combined.csv.gz
68,2017-02,324.55885,True,5,Casa,6,0.965163,0.991523,0.285281,0.928571,313.252283,sensordata/home68_utility757_sensor2122c2126_electric-mains_electric-combined.csv.gz
68,2017-03,370.150759,True,5,Casa,7,0.951984,0.960927,0.301152,0.83871,352.377489,sensordata/home68_utility757_sensor2122c2126_electric-mains_electric-combined.csv.gz
68,2017-05,312.205744,True,5,Casa,5,0.982891,0.987151,0.26873,0.903226,306.86407,sensordata/home68_utility757_sensor2122c2126_electric-mains_electric-combined.csv.gz
68,2017-06,308.342174,True,5,Casa,5,0.955114,0.962329,0.295856,0.933333,294.501988,sensordata/home68_utility757_sensor2122c2126_electric-mains_electric-combined.csv.gz
68,2017-07,335.232663,True,5,Casa,6,0.994694,0.996752,0.260048,1.0,333.453992,sensordata/home68_utility757_sensor2122c2126_electric-mains_electric-combined.csv.gz
68,2017-08,319.747819,True,5,Casa,5,0.986542,0.974541,0.278809,0.967742,315.444522,sensordata/home68_utility757_sensor2122c2126_electric-mains_electric-combined.csv.gz
68,2017-09,304.534864,True,5,Casa,6,0.987842,0.988512,0.300727,0.966667,300.832275,sensordata/home68_utility757_sensor2122c2126_electric-mains_electric-combined.csv.gz
68,2017-10,319.935104,True,5,Casa,6,0.976404,0.969819,0.287283,0.903226,312.385852,sensordata/home68_utility757_sensor2122c2126_electric-mains_electric-combined.csv.gz
68,2017-11,350.588236,True,5,Casa,7,0.992614,0.991282,0.31753,1.0,347.998861,sensordata/home68_utility757_sensor2122c2126_electric-mains_electric-combined.csv.gz
68,2018-04,349.620765,True,5,Casa,7,0.93444,0.961648,0.300354,0.866667,326.699563,sensordata/home68_utility757_sensor2122c2126_electric-mains_electric-combined.csv.gz
68,2018-06,326.705118,True,5,Casa,7,0.928342,0.94163,0.293027,0.8,303.294024,sensordata/home68_utility757_sensor2122c2126_electric-mains_electric-combined.csv.gz
69,2017-02,315.11999,True,10,Casa,4,0.967719,0.995027,0.34806,0.928571,304.947757,sensordata/home69_hall788_sensor2410c2414_electric-mains_electric-combined.csv.gz
69,2017-03,338.007665,True,10,Casa,5,0.967912,0.982809,0.300621,0.935484,327.161799,sensordata/home69_hall788_sensor2410c2414_electric-mains_electric-combined.csv.gz
69,2017-04,254.704743,True,10,Casa,3,0.991456,0.99319,0.304496,1.0,252.528551,sensordata/home69_hall788_sensor2410c2414_electric-mains_electric-combined.csv.gz
69,2017-05,324.978005,True,10,Casa,5,0.980974,0.991169,0.332413,0.967742,318.795002,sensordata/home69_hall788_sensor2410c2414_electric-mains_electric-combined.csv.gz
69,2017-06,322.709523,True,10,Casa,6,0.951071,0.96062,0.306643,0.933333,306.91954,sensordata/home69_hall788_sensor2410c2414_electric-mains_electric-combined.csv.gz
69,2017-10,343.502019,True,10,Casa,6,0.972071,0.972767,0.293003,0.903226,333.908425,sensordata/home69_hall788_sensor2410c2414_electric-mains_electric-combined.csv.gz
69,2017-11,435.18451,True,10,Casa,8,0.994686,0.996734,0.259023,1.0,432.871921,sensordata/home69_hall788_sensor2410c2414_electric-mains_electric-combined.csv.gz
69,2018-04,326.237331,True,10,Casa,5,0.944753,0.980549,0.265934,0.9,308.213852,sensordata/home69_hall788_sensor2410c2414_electric-mains_electric-combined.csv.gz
69,2018-06,325.382474,True,10,Casa,5,0.937502,0.962134,0.301833,0.866667,305.046697,sensordata/home69_hall788_sensor2410c2414_electric-mains_electric-combined.csv.gz
70,2017-03,217.624271,True,5,Departamento,4,0.945695,0.970166,0.354931,0.903226,205.806104,sensordata/home70_hall774_sensor2299c2303_electric-mains_electric-combined.csv.gz
70,2017-04,203.317778,True,5,Departamento,4,0.965508,0.972674,0.272578,0.866667,196.304962,sensordata/home70_hall774_sensor2299c2303_electric-mains_electric-combined.csv.gz
70,2017-05,154.031604,True,5,Departamento,2,0.960731,0.971599,0.259687,0.903226,147.982885,sensordata/home70_hall774_sensor2299c2303_electric-mains_electric-combined.csv.gz
70,2017-06,235.225967,False,5,Departamento,4,0.937794,0.942488,0.191544,0.933333,220.593496,sensordata/home70_hall774_sensor2299c2303_electric-mains_electric-combined.csv.gz
70,2017-07,272.615731,False,5,Departamento,5,0.988968,0.986622,0.159443,1.0,269.608143,sensordata/home70_hall774_sensor2299c2303_electric-mains_electric-combined.csv.gz
70,2017-08,238.812145,False,5,Departamento,3,0.981898,0.973244,0.195342,0.903226,234.489203,sensordata/home70_hall774_sensor2299c2303_electric-mains_electric-combined.csv.gz
70,2017-09,238.10337,True,5,Departamento,5,0.978677,0.982887,0.299658,1.0,233.026404,sensordata/home70_hall774_sensor2299c2303_electric-mains_electric-combined.csv.gz
70,2017-10,233.170477,True,5,Departamento,4,0.975454,0.965318,0.281114,0.935484,227.44702,sensordata/home70_hall774_sensor2299c2303_electric-mains_electric-combined.csv.gz
70,2017-11,263.300995,True,5,Departamento,4,0.953368,0.988586,0.318497,0.933333,251.022859,sensordata/home70_hall774_sensor2299c2303_electric-mains_electric-combined.csv.gz
70,2018-03,294.981709,True,5,Departamento,5,0.911909,0.947475,0.253838,0.806452,268.996454,sensordata/home70_hall774_sensor2299c2303_electric-mains_electric-combined.csv.gz
70,2018-04,259.426798,False,5,Departamento,5,0.941777,0.978174,0.203481,0.9,244.322293,sensordata/home70_hall774_sensor2299c2303_electric-mains_electric-combined.csv.gz
70,2018-06,124.668808,False,5,Departamento,2,0.939805,0.958905,0.236841,0.866667,117.164342,sensordata/home70_hall774_sensor2299c2303_electric-mains_electric-combined.csv.gz
71,2017-02,111.689722,False,6,Departamento,1,0.917231,0.941647,0.186466,0.857143,102.445264,sensordata/home71_hall824_sensor2713c2715_electric-mains_electric-combined.csv.gz
71,2017-04,178.435975,False,6,Departamento,2,0.960838,0.961412,0.201591,0.833333,171.448127,sensordata/home71_hall824_sensor2713c2715_electric-mains_electric-combined.csv.gz
72,2017-02,85.687189,True,9,Departamento,1,0.968864,0.996788,0.314874,0.964286,83.01924,sensordata/home72_hall796_sensor2476c2480_electric-mains_electric-combined.csv.gz
72,2017-03,95.434669,True,9,Departamento,1,0.967983,0.983716,0.308306,0.935484,92.379176,sensordata/home72_hall796_sensor2476c2480_electric-mains_electric-combined.csv.gz
72,2017-04,86.177551,True,9,Departamento,0,0.995885,0.995255,0.290999,1.0,85.822899,sensordata/home72_hall796_sensor2476c2480_electric-mains_electric-combined.csv.gz
72,2017-05,89.324831,True,9,Departamento,0,0.990417,0.99403,0.286184,0.967742,88.468834,sensordata/home72_hall796_sensor2476c2480_electric-mains_electric-combined.csv.gz
72,2017-06,83.017324,False,9,Departamento,0,0.955869,0.964787,0.227198,0.933333,79.353673,sensordata/home72_hall796_sensor2476c2480_electric-mains_electric-combined.csv.gz
72,2017-07,91.447233,True,9,Departamento,1,0.996518,0.99845,0.319499,1.0,91.128786,sensordata/home72_hall796_sensor2476c2480_electric-mains_electric-combined.csv.gz
72,2017-08,84.937326,True,9,Departamento,0,0.993441,0.980025,0.286317,0.967742,84.38021,sensordata/home72_hall796_sensor2476c2480_electric-mains_electric-combined.csv.gz
72,2017-09,61.989035,True,9,Departamento,0,0.994988,0.995579,0.251436,1.0,61.678372,sensordata/home72_hall796_sensor2476c2480_electric-mains_electric-combined.csv.gz
72,2017-10,86.717132,True,9,Departamento,0,0.988724,0.983006,0.286778,0.935484,85.739317,sensordata/home72_hall796_sensor2476c2480_electric-mains_electric-combined.csv.gz
72,2017-11,94.229889,True,9,Departamento,1,0.998378,0.998826,0.327491,1.0,94.077019,sensordata/home72_hall796_sensor2476c2480_electric-mains_electric-combined.csv.gz
72,2018-03,89.64455,True,9,Departamento,0,0.920912,0.958403,0.293758,0.83871,82.554762,sensordata/home72_hall796_sensor2476c2480_electric-mains_electric-combined.csv.gz
72,2018-06,78.433852,False,9,Departamento,0,0.944181,0.965275,0.236512,0.866667,74.055718,sensordata/home72_hall796_sensor2476c2480_electric-mains_electric-combined.csv.gz
73,2017-03,118.167068,False,4,Departamento,1,0.935271,0.947982,0.178332,0.83871,110.518282,sensordata/home73_hall782_sensor2364c2368_electric-mains_electric-combined.csv.gz
73,2017-04,111.86841,False,4,Departamento,1,0.954032,0.952093,0.187561,0.933333,106.726046,sensordata/home73_hall782_sensor2364c2368_electric-mains_electric-combined.csv.gz
73,2017-05,110.6501,False,4,Departamento,1,0.950175,0.951613,0.194706,0.83871,105.136929,sensordata/home73_hall782_sensor2364c2368_electric-mains_electric-combined.csv.gz
73,2017-06,106.406302,False,4,Departamento,1,0.91215,0.928963,0.168511,0.9,97.058558,sensordata/home73_hall782_sensor2364c2368_electric-mains_electric-combined.csv.gz
73,2017-07,120.803974,False,4,Departamento,1,0.957926,0.961024,0.186946,1.0,115.721223,sensordata/home73_hall782_sensor2364c2368_electric-mains_electric-combined.csv.gz
73,2017-09,103.842954,False,4,Departamento,1,0.952844,0.954581,0.190363,0.933333,98.946109,sensordata/home73_hall782_sensor2364c2368_electric-mains_electric-combined.csv.gz
73,2017-10,146.454528,False,4,Departamento,1,0.948112,0.941853,0.177987,0.870968,138.855329,sensordata/home73_hall782_sensor2364c2368_electric-mains_electric-combined.csv.gz
74,2017-02,406.350378,False,3,Departamento,13,0.963487,0.988472,0.24063,0.964286,391.513181,sensordata/home74_utility804_sensor2559c2563_electric-mains_electric-combined.csv.gz
74,2017-03,409.441785,False,3,Departamento,10,0.964251,0.976902,0.222028,0.935484,394.804716,sensordata/home74_utility804_sensor2559c2563_electric-mains_electric-combined.csv.gz
74,2017-04,379.053315,False,3,Departamento,10,0.991328,0.992579,0.17622,1.0,375.766285,sensordata/home74_utility804_sensor2559c2563_electric-mains_electric-combined.csv.gz
74,2017-05,364.132301,False,3,Departamento,7,0.984084,0.989978,0.1838,0.967742,358.336692,sensordata/home74_utility804_sensor2559c2563_electric-mains_electric-combined.csv.gz
74,2017-06,369.377141,False,3,Departamento,8,0.930043,0.931824,0.16464,0.866667,343.536559,sensordata/home74_utility804_sensor2559c2563_electric-mains_electric-combined.csv.gz
74,2017-07,390.105875,False,3,Departamento,9,0.975875,0.970181,0.180193,0.903226,380.694629,sensordata/home74_utility804_sensor2559c2563_electric-mains_electric-combined.csv.gz
74,2017-08,391.177794,False,3,Departamento,9,0.978898,0.965464,0.183541,0.903226,382.923247,sensordata/home74_utility804_sensor2559c2563_electric-mains_electric-combined.csv.gz
74,2017-09,369.746225,False,3,Departamento,9,0.991037,0.99263,0.177731,1.0,366.432346,sensordata/home74_utility804_sensor2559c2563_electric-mains_electric-combined.csv.gz
74,2017-10,394.242788,False,3,Departamento,10,0.981664,0.975571,0.222994,0.903226,387.014121,sensordata/home74_utility804_sensor2559c2563_electric-mains_electric-combined.csv.gz
74,2017-11,415.199766,False,3,Departamento,13,0.979988,0.979766,0.241484,0.833333,406.890805,sensordata/home74_utility804_sensor2559c2563_electric-mains_electric-combined.csv.gz
74,2018-06,350.285602,False,3,Departamento,7,0.94062,0.955773,0.180155,0.866667,329.485772,sensordata/home74_utility804_sensor2559c2563_electric-mains_electric-combined.csv.gz
75,2017-04,260.625196,False,6,Departamento,4,0.956618,0.958986,0.170882,0.866667,249.318868,sensordata/home75_hall813_sensor2634c2638_electric-mains_electric-combined.csv.gz
75,2017-05,221.307511,False,6,Departamento,3,0.958939,0.968076,0.20028,0.870968,212.220468,sensordata/home75_hall813_sensor2634c2638_electric-mains_electric-combined.csv.gz
75,2017-06,214.251187,False,6,Departamento,3,0.934867,0.945377,0.194648,0.933333,200.296425,sensordata/home75_hall813_sensor2634c2638_electric-mains_electric-combined.csv.gz
75,2017-07,210.88159,False,6,Departamento,3,0.972401,0.975482,0.165657,0.967742,205.061482,sensordata/home75_hall813_sensor2634c2638_electric-mains_electric-combined.csv.gz
75,2017-08,240.85626,False,6,Departamento,4,0.938263,0.946342,0.184867,0.806452,225.986461,sensordata/home75_hall813_sensor2634c2638_electric-mains_electric-combined.csv.gz
75,2017-09,250.16691,False,6,Departamento,4,0.962777,0.967153,0.195032,0.966667,240.855045,sensordata/home75_hall813_sensor2634c2638_electric-mains_electric-combined.csv.gz
75,2017-10,224.31821,False,6,Departamento,3,0.953532,0.94851,0.171417,0.806452,213.89469,sensordata/home75_hall813_sensor2634c2638_electric-mains_electric-combined.csv.gz
75,2017-11,260.832929,False,6,Departamento,4,0.968281,0.969928,0.187386,0.966667,252.559534,sensordata/home75_hall813_sensor2634c2638_electric-mains_electric-combined.csv.gz
75,2018-04,217.192887,False,6,Departamento,3,0.915823,0.957593,0.237906,0.833333,198.910307,sensordata/home75_hall813_sensor2634c2638_electric-mains_electric-combined.csv.gz
78,2018-04,197.612616,False,9,Departamento,3,0.903353,0.928035,0.205579,0.866667,178.514027,sensordata/home78_hall864_sensor2978_electric-mains_electric-combined.csv.gz
79,2017-02,364.276402,True,5,Casa,9,0.962076,0.986468,0.290612,0.964286,350.461695,sensordata/home79_outside836_sensor2803c2807_electric-mains_electric-combined.csv.gz
79,2017-03,385.520408,True,5,Casa,8,0.950075,0.963358,0.270126,0.83871,366.273214,sensordata/home79_outside836_sensor2803c2807_electric-mains_electric-combined.csv.gz
79,2018-04,293.732809,False,5,Casa,5,0.928939,0.96762,0.247894,0.8,272.859761,sensordata/home79_outside836_sensor2803c2807_electric-mains_electric-combined.csv.gz
79,2018-06,244.279635,False,5,Casa,3,0.934674,0.954387,0.24223,0.866667,228.321917,sensordata/home79_outside836_sensor2803c2807_electric-mains_electric-combined.csv.gz
82,2017-03,277.158638,True,8,Casa,6,0.956498,0.969964,0.266679,0.935484,265.101698,sensordata/home82_hall891_sensor3242c3246_electric-mains_electric-combined.csv.gz
82,2017-04,304.760023,True,8,Casa,7,0.985761,0.981456,0.280163,1.0,300.420485,sensordata/home82_hall891_sensor3242c3246_electric-mains_electric-combined.csv.gz
82,2017-05,240.434992,False,8,Casa,4,0.978137,0.9805,0.236132,0.967742,235.178349,sensordata/home82_hall891_sensor3242c3246_electric-mains_electric-combined.csv.gz
82,2017-06,263.483084,False,8,Casa,5,0.951731,0.958727,0.249408,0.933333,250.765146,sensordata/home82_hall891_sensor3242c3246_electric-mains_electric-combined.csv.gz
82,2017-07,224.111987,True,8,Casa,4,0.993373,0.993141,0.252112,1.0,222.626776,sensordata/home82_hall891_sensor3242c3246_electric-mains_electric-combined.csv.gz
82,2017-08,275.83175,True,8,Casa,6,0.990624,0.977379,0.286799,0.967742,273.245416,sensordata/home82_hall891_sensor3242c3246_electric-mains_electric-combined.csv.gz
82,2017-09,285.342563,True,8,Casa,6,0.98551,0.979803,0.272125,0.966667,281.207958,sensordata/home82_hall891_sensor3242c3246_electric-mains_electric-combined.csv.gz
82,2017-10,273.816836,True,8,Casa,6,0.978721,0.969259,0.310563,0.935484,267.990316,sensordata/home82_hall891_sensor3242c3246_electric-mains_electric-combined.csv.gz
82,2017-11,332.78292,True,8,Casa,8,0.98936,0.983384,0.283269,1.0,329.241966,sensordata/home82_hall891_sensor3242c3246_electric-mains_electric-combined.csv.gz
82,2018-03,373.03207,True,8,Casa,9,0.909358,0.944982,0.303684,0.806452,339.219728,sensordata/home82_hall891_sensor3242c3246_electric-mains_electric-combined.csv.gz
82,2018-04,243.908882,False,8,Casa,4,0.945245,0.977803,0.241151,0.9,230.553647,sensordata/home82_hall891_sensor3242c3246_electric-mains_electric-combined.csv.gz
91,2017-08,171.103534,False,6,Departamento,3,0.963082,0.953096,0.230006,0.935484,164.786681,sensordata/home91_hall963_sensor3770c3774_electric-mains_electric-combined.csv.gz
91,2017-09,202.349954,True,6,Departamento,3,0.968846,0.979218,0.27858,1.0,196.046035,sensordata/home91_hall963_sensor3770c3774_electric-mains_electric-combined.csv.gz
91,2017-10,203.5711,False,6,Departamento,3,0.963268,0.966593,0.244963,0.903226,196.093619,sensordata/home91_hall963_sensor3770c3774_electric-mains_electric-combined.csv.gz
91,2017-11,203.210799,False,6,Departamento,3,0.960321,0.972914,0.242365,0.933333,195.147516,sensordata/home91_hall963_sensor3770c3774_electric-mains_electric-combined.csv.gz
92,2017-04,183.125161,False,11,Casa,3,0.971544,0.9804,0.239795,0.9,177.914077,sensordata/home92_utility971_sensor3843c3847_electric-mains_electric-combined.csv.gz
92,2017-07,108.44734,False,11,Casa,1,0.969147,0.977856,0.196368,0.870968,105.101361,sensordata/home92_utility971_sensor3843c3847_electric-mains_electric-combined.csv.gz
92,2017-08,197.957672,True,11,Casa,4,0.966363,0.964897,0.254667,0.806452,191.298921,sensordata/home92_utility971_sensor3843c3847_electric-mains_electric-combined.csv.gz
92,2017-10,200.020367,True,11,Casa,4,0.961212,0.97045,0.288337,0.806452,192.262008,sensordata/home92_utility971_sensor3843c3847_electric-mains_electric-combined.csv.gz
92,2017-11,222.151326,True,11,Casa,4,0.976693,0.976891,0.300286,0.933333,216.973709,sensordata/home92_utility971_sensor3843c3847_electric-mains_electric-combined.csv.gz
92,2018-04,179.323423,False,11,Casa,3,0.919511,0.951215,0.236018,0.8,164.889824,sensordata/home92_utility971_sensor3843c3847_electric-mains_electric-combined.csv.gz
92,2018-06,164.165891,True,11,Casa,2,0.916359,0.919667,0.268338,0.8,150.434859,sensordata/home92_utility971_sensor3843c3847_electric-mains_electric-combined.csv.gz
93,2017-03,151.968931,True,5,Departamento,2,0.943325,0.971629,0.31207,0.935484,143.356165,sensordata/home93_hall983_sensor3914c3937_electric-mains_electric-combined.csv.gz
93,2017-04,145.430611,True,5,Departamento,2,0.960619,0.963618,0.298113,0.9,139.703439,sensordata/home93_hall983_sensor3914c3937_electric-mains_electric-combined.csv.gz
93,2017-07,136.833039,True,5,Departamento,2,0.961711,0.970164,0.252773,0.870968,131.593903,sensordata/home93_hall983_sensor3914c3937_electric-mains_electric-combined.csv.gz
93,2017-08,210.886233,True,5,Departamento,4,0.974052,0.972693,0.299783,0.903226,205.414246,sensordata/home93_hall983_sensor3914c3937_electric-mains_electric-combined.csv.gz
93,2017-09,193.929804,True,5,Departamento,3,0.983937,0.995322,0.349234,0.966667,190.814657,sensordata/home93_hall983_sensor3914c3937_electric-mains_electric-combined.csv.gz
93,2017-10,210.373459,True,5,Departamento,3,0.96415,0.974801,0.339364,0.870968,202.831625,sensordata/home93_hall983_sensor3914c3937_electric-mains_electric-combined.csv.gz
93,2017-11,178.098815,True,5,Departamento,3,0.971077,0.988498,0.369409,0.966667,172.947691,sensordata/home93_hall983_sensor3914c3937_electric-mains_electric-combined.csv.gz
94,2017-03,182.902498,False,10,Departamento,3,0.940556,0.971456,0.246305,0.935484,172.029961,sensordata/home94_hall990_sensor3991c3995_electric-mains_electric-combined.csv.gz
94,2017-04,166.536074,True,10,Departamento,2,0.926162,0.955218,0.270462,0.866667,154.239454,sensordata/home94_hall990_sensor3991c3995_electric-mains_electric-combined.csv.gz
94,2017-05,172.475985,True,10,Departamento,2,0.935602,0.95556,0.253759,0.83871,161.368851,sensordata/home94_hall990_sensor3991c3995_electric-mains_electric-combined.csv.gz
94,2017-06,166.705733,False,10,Departamento,2,0.924788,0.937766,0.236412,0.9,154.167494,sensordata/home94_hall990_sensor3991c3995_electric-mains_electric-combined.csv.gz
94,2017-08,180.932718,False,10,Departamento,2,0.963911,0.955143,0.183531,0.935484,174.40309,sensordata/home94_hall990_sensor3991c3995_electric-mains_electric-combined.csv.gz
96,2017-03,505.251381,True,15,Casa,10,0.968536,0.98239,0.349012,0.935484,489.353945,sensordata/home96_livingroom997_sensor4121c4125_electric-mains_electric-combined.csv.gz
96,2017-04,402.523544,True,15,Casa,8,0.993073,0.98919,0.310015,1.0,399.735385,sensordata/home96_livingroom997_sensor4121c4125_electric-mains_electric-combined.csv.gz
96,2017-05,380.887795,True,15,Casa,7,0.985213,0.984745,0.281336,0.967742,375.255536,sensordata/home96_livingroom997_sensor4121c4125_electric-mains_electric-combined.csv.gz
96,2017-06,388.96308,True,15,Casa,8,0.9486,0.949752,0.270111,0.933333,368.970198,sensordata/home96_livingroom997_sensor4121c4125_electric-mains_electric-combined.csv.gz
96,2017-07,275.779228,False,15,Casa,4,0.991891,0.992849,0.231895,1.0,273.543052,sensordata/home96_livingroom997_sensor4121c4125_electric-mains_electric-combined.csv.gz
96,2018-04,442.203898,True,15,Casa,8,0.923173,0.955468,0.317421,0.9,408.230628,sensordata/home96_livingroom997_sensor4121c4125_electric-mains_electric-combined.csv.gz
96,2018-06,366.455214,True,15,Casa,7,0.902384,0.918796,0.25636,0.8,330.683417,sensordata/home96_livingroom997_sensor4121c4125_electric-mains_electric-combined.csv.gz
97,2017-04,318.782644,True,9,Departamento,8,0.92196,0.941012,0.299035,0.8,293.904807,sensordata/home97_hall1010_sensor4238c4242_electric-mains_electric-combined.csv.gz
97,2017-05,304.253042,True,9,Departamento,7,0.975916,0.996519,0.307314,0.806452,296.925478,sensordata/home97_hall1010_sensor4238c4242_electric-mains_electric-combined.csv.gz
97,2017-06,293.22357,True,9,Departamento,7,0.925526,0.931468,0.284682,0.8,271.385994,sensordata/home97_hall1010_sensor4238c4242_electric-mains_electric-combined.csv.gz
97,2017-09,332.907402,True,9,Departamento,7,0.910904,0.912736,0.33363,0.8,303.246791,sensordata/home97_hall1010_sensor4238c4242_electric-mains_electric-combined.csv.gz
97,2017-10,368.108402,True,9,Departamento,8,0.940185,0.958295,0.352166,0.806452,346.089837,sensordata/home97_hall1010_sensor4238c4242_electric-mains_electric-combined.csv.gz
97,2018-04,348.764958,True,9,Departamento,8,0.940219,0.97203,0.313209,0.9,327.915353,sensordata/home97_hall1010_sensor4238c4242_electric-mains_electric-combined.csv.gz
98,2017-06,84.240883,False,4,Departamento,1,0.907346,0.923278,0.232432,0.8,76.435666,sensordata/home98_hall1019_sensor4306c4310_electric-mains_electric-combined.csv.gz
98,2017-08,95.893383,False,4,Departamento,1,0.946017,0.950287,0.243571,0.806452,90.716809,sensordata/home98_hall1019_sensor4306c4310_electric-mains_electric-combined.csv.gz
98,2017-09,82.814687,False,4,Departamento,1,0.947522,0.954192,0.216488,0.866667,78.468737,sensordata/home98_hall1019_sensor4306c4310_electric-mains_electric-combined.csv.gz
98,2017-10,86.043553,False,4,Departamento,1,0.944101,0.948972,0.243446,0.806452,81.233776,sensordata/home98_hall1019_sensor4306c4310_electric-mains_electric-combined.csv.gz
98,2017-11,95.992451,True,4,Departamento,1,0.96081,0.97212,0.296497,1.0,92.230488,sensordata/home98_hall1019_sensor4306c4310_electric-mains_electric-combined.csv.gz
98,2018-04,94.035291,False,4,Departamento,1,0.921524,0.957662,0.247636,0.866667,86.655734,sensordata/home98_hall1019_sensor4306c4310_electric-mains_electric-combined.csv.gz
100,2017-10,171.142279,False,11,Departamento,0,0.940808,0.936483,0.196961,0.870968,161.011958,sensordata/home100_livingroom1038_sensor4472_electric-mains_electric-combined.csv.gz
100,2018-06,156.798233,False,11,Departamento,1,0.904441,0.922028,0.200133,0.866667,141.814746,sensordata/home100_livingroom1038_sensor4472_electric-mains_electric-combined.csv.gz
101,2017-04,121.794301,True,6,Casa,2,0.944573,0.957104,0.25284,0.833333,115.043551,sensordata/home101_hall1045_sensor4512c4517_electric-mains_electric-combined.csv.gz
101,2017-05,120.416514,True,6,Casa,2,0.938931,0.946799,0.299828,0.83871,113.062762,sensordata/home101_hall1045_sensor4512c4517_electric-mains_electric-combined.csv.gz
101,2017-06,102.792196,True,6,Casa,2,0.909098,0.917581,0.290754,0.833333,93.448139,sensordata/home101_hall1045_sensor4512c4517_electric-mains_electric-combined.csv.gz
101,2017-07,119.907451,True,6,Casa,2,0.942964,0.941046,0.282647,0.870968,113.06842,sensordata/home101_hall1045_sensor4512c4517_electric-mains_electric-combined.csv.gz
101,2017-08,107.752453,True,6,Casa,1,0.947988,0.940197,0.280292,0.806452,102.14803,sensordata/home101_hall1045_sensor4512c4517_electric-mains_electric-combined.csv.gz
101,2017-11,111.921539,True,6,Casa,2,0.955037,0.964979,0.2716,0.9,106.889215,sensordata/home101_hall1045_sensor4512c4517_electric-mains_electric-combined.csv.gz
105,2017-05,133.664064,False,8,Departamento,1,0.961251,0.969825,0.212099,0.967742,128.484732,sensordata/home105_hall1111_sensor5093c5097_electric-mains_electric-combined.csv.gz
105,2017-06,128.80727,False,8,Departamento,1,0.932821,0.937363,0.236552,0.933333,120.154125,sensordata/home105_hall1111_sensor5093c5097_electric-mains_electric-combined.csv.gz
105,2017-07,147.329379,False,8,Departamento,1,0.976608,0.976631,0.231665,0.967742,143.883002,sensordata/home105_hall1111_sensor5093c5097_electric-mains_electric-combined.csv.gz
105,2017-08,136.505035,False,8,Departamento,1,0.967587,0.951407,0.248581,0.967742,132.080547,sensordata/home105_hall1111_sensor5093c5097_electric-mains_electric-combined.csv.gz
105,2017-09,136.602053,False,8,Departamento,1,0.939255,0.955343,0.248527,0.833333,128.30411,sensordata/home105_hall1111_sensor5093c5097_electric-mains_electric-combined.csv.gz
105,2017-10,148.315581,True,8,Departamento,1,0.967981,0.964292,0.276396,0.935484,143.566607,sensordata/home105_hall1111_sensor5093c5097_electric-mains_electric-combined.csv.gz
105,2017-11,185.244492,True,8,Departamento,2,0.975318,0.990433,0.279478,0.966667,180.67234,sensordata/home105_hall1111_sensor5093c5097_electric-mains_electric-combined.csv.gz
105,2018-04,189.138162,False,8,Departamento,2,0.912711,0.951602,0.222978,0.8,172.628414,sensordata/home105_hall1111_sensor5093c5097_electric-mains_electric-combined.csv.gz
107,2017-05,206.774136,True,14,Casa,3,0.959796,0.965909,0.304967,0.870968,198.460942,sensordata/home107_hall1076_sensor4745c4749_electric-mains_electric-combined.csv.gz
107,2017-07,188.131441,True,14,Casa,3,0.959433,0.953035,0.288764,0.83871,180.499488,sensordata/home107_hall1076_sensor4745c4749_electric-mains_electric-combined.csv.gz
107,2017-08,183.220412,True,14,Casa,4,0.957492,0.947137,0.28931,0.870968,175.432108,sensordata/home107_hall1076_sensor4745c4749_electric-mains_electric-combined.csv.gz
107,2017-09,218.853234,True,14,Casa,4,0.966615,0.956671,0.302786,0.933333,211.546896,sensordata/home107_hall1076_sensor4745c4749_electric-mains_electric-combined.csv.gz
107,2017-10,220.406568,True,14,Casa,4,0.96677,0.957852,0.327317,0.903226,213.082529,sensordata/home107_hall1076_sensor4745c4749_electric-mains_electric-combined.csv.gz
107,2017-11,221.433123,True,14,Casa,4,0.979152,0.974417,0.300652,0.966667,216.816686,sensordata/home107_hall1076_sensor4745c4749_electric-mains_electric-combined.csv.gz
107,2018-04,206.344433,False,14,Casa,4,0.928316,0.968449,0.244634,0.833333,191.552832,sensordata/home107_hall1076_sensor4745c4749_electric-mains_electric-combined.csv.gz
109,2017-05,440.379865,True,9,Casa,9,0.976741,0.970076,0.270471,0.903226,430.13689,sensordata/home109_kitchen1091_sensor4999c5015_electric-mains_electric-combined.csv.gz
109,2017-06,380.631194,True,9,Casa,8,0.94392,0.943046,0.26109,0.9,359.285303,sensordata/home109_kitchen1091_sensor4999c5015_electric-mains_electric-combined.csv.gz
109,2017-07,514.717277,True,9,Casa,12,0.983142,0.97381,0.301107,1.0,506.04007,sensordata/home109_kitchen1091_sensor4999c5015_electric-mains_electric-combined.csv.gz
109,2017-09,433.815893,True,9,Casa,9,0.974949,0.959537,0.312768,0.866667,422.948403,sensordata/home109_kitchen1091_sensor4999c5015_electric-mains_electric-combined.csv.gz
110,2017-06,263.240119,True,7,Casa,4,0.90857,0.922708,0.268243,0.8,239.172132,sensordata/home110_hall1094_sensor4956c4960_electric-mains_electric-combined.csv.gz
110,2017-07,194.445559,True,7,Casa,3,0.958884,0.967823,0.274179,0.935484,186.45067,sensordata/home110_hall1094_sensor4956c4960_electric-mains_electric-combined.csv.gz
110,2017-08,251.095506,True,7,Casa,4,0.935898,0.943284,0.307156,0.806452,234.999669,sensordata/home110_hall1094_sensor4956c4960_electric-mains_electric-combined.csv.gz
110,2017-09,260.155229,True,7,Casa,4,0.959549,0.966053,0.260279,1.0,249.631589,sensordata/home110_hall1094_sensor4956c4960_electric-mains_electric-combined.csv.gz
110,2017-10,309.444873,True,7,Casa,6,0.961893,0.962195,0.296585,0.903226,297.652739,sensordata/home110_hall1094_sensor4956c4960_electric-mains_electric-combined.csv.gz
110,2017-11,320.783311,True,7,Casa,6,0.963353,0.9754,0.34223,0.933333,309.027567,sensordata/home110_hall1094_sensor4956c4960_electric-mains_electric-combined.csv.gz
110,2018-04,288.031604,True,7,Casa,5,0.927825,0.970475,0.264663,0.9,267.24299,sensordata/home110_hall1094_sensor4956c4960_electric-mains_electric-combined.csv.gz
113,2017-07,308.831981,False,12,Casa,6,0.978681,0.976387,0.215032,1.0,302.24797,sensordata/home113_hall1201_sensor5922c5924_electric-mains_electric-combined.csv.gz
113,2017-09,311.716108,False,12,Casa,6,0.979419,0.975296,0.245735,0.933333,305.300552,sensordata/home113_hall1201_sensor5922c5924_electric-mains_electric-combined.csv.gz
114,2017-07,202.5211,True,9,Departamento,3,0.951758,0.963125,0.26699,0.935484,192.751029,sensordata/home114_hall1141_sensor5356c5360_electric-mains_electric-combined.csv.gz
114,2017-08,204.566072,True,9,Departamento,3,0.94394,0.949382,0.3061,0.870968,193.098182,sensordata/home114_hall1141_sensor5356c5360_electric-mains_electric-combined.csv.gz
114,2017-10,177.663619,True,9,Departamento,2,0.969467,0.972417,0.28513,0.935484,172.239049,sensordata/home114_hall1141_sensor5356c5360_electric-mains_electric-combined.csv.gz
114,2017-11,214.150298,True,9,Departamento,3,0.975655,0.984544,0.307366,1.0,208.936747,sensordata/home114_hall1141_sensor5356c5360_electric-mains_electric-combined.csv.gz
114,2018-04,204.30233,True,9,Departamento,3,0.916478,0.958986,0.295928,0.9,187.238514,sensordata/home114_hall1141_sensor5356c5360_electric-mains_electric-combined.csv.gz
116,2017-07,202.624479,False,7,Departamento,4,0.961988,0.971275,0.19929,1.0,194.922343,sensordata/home116_kitchen1156_sensor5497c5501_electric-mains_electric-combined.csv.gz
116,2017-08,246.665418,True,7,Departamento,4,0.970087,0.961508,0.255682,0.967742,239.286821,sensordata/home116_kitchen1156_sensor5497c5501_electric-mains_electric-combined.csv.gz
116,2017-09,235.418642,True,7,Departamento,4,0.97948,0.991606,0.257102,1.0,230.587837,sensordata/home116_kitchen1156_sensor5497c5501_electric-mains_electric-combined.csv.gz
116,2017-10,261.62554,True,7,Departamento,5,0.978875,0.977565,0.259471,0.935484,256.098725,sensordata/home116_kitchen1156_sensor5497c5501_electric-mains_electric-combined.csv.gz
116,2017-11,267.571414,True,7,Departamento,5,0.983358,0.989065,0.255052,1.0,263.118497,sensordata/home116_kitchen1156_sensor5497c5501_electric-mains_electric-combined.csv.gz
116,2018-04,199.597839,False,7,Departamento,3,0.928522,0.969694,0.246608,0.833333,185.330983,sensordata/home116_kitchen1156_sensor5497c5501_electric-mains_electric-combined.csv.gz
117,2017-08,236.597188,False,5,Departamento,2,0.964053,0.935466,0.207716,0.806452,228.092269,sensordata/home117_hall1198_sensor5867c5871_electric-mains_electric-combined.csv.gz
117,2017-10,265.877825,True,5,Departamento,4,0.94803,0.917245,0.30336,0.83871,252.060208,sensordata/home117_hall1198_sensor5867c5871_electric-mains_electric-combined.csv.gz
117,2017-11,292.898312,True,5,Departamento,5,0.974432,0.963352,0.328989,0.9,285.40963,sensordata/home117_hall1198_sensor5867c5871_electric-mains_electric-combined.csv.gz
118,2017-08,245.786479,False,6,Departamento,3,0.92766,0.912121,0.165733,0.806452,228.006236,sensordata/home118_hall1162_sensor5540c5544_electric-mains_electric-combined.csv.gz
118,2017-10,232.497294,True,6,Departamento,2,0.965814,0.957092,0.313629,0.935484,224.549128,sensordata/home118_hall1162_sensor5540c5544_electric-mains_electric-combined.csv.gz
118,2017-11,189.782132,True,6,Departamento,2,0.969457,0.979296,0.411813,1.0,183.98565,sensordata/home118_hall1162_sensor5540c5544_electric-mains_electric-combined.csv.gz
119,2017-07,214.467269,False,12,Departamento,3,0.991895,0.993405,0.207033,1.0,212.728966,sensordata/home119_hall1210_sensor5991c5995_electric-mains_electric-combined.csv.gz
119,2017-08,257.134321,False,12,Departamento,4,0.993693,0.98147,0.187947,0.967742,255.512639,sensordata/home119_hall1210_sensor5991c5995_electric-mains_electric-combined.csv.gz
119,2017-09,263.196707,False,12,Departamento,4,0.995463,0.996785,0.20603,1.0,262.002675,sensordata/home119_hall1210_sensor5991c5995_electric-mains_electric-combined.csv.gz
119,2017-10,286.327254,False,12,Departamento,5,0.975644,0.954465,0.226047,0.903226,279.353552,sensordata/home119_hall1210_sensor5991c5995_electric-mains_electric-combined.csv.gz
119,2017-11,272.993093,False,12,Departamento,5,0.993989,0.994313,0.238355,1.0,271.352185,sensordata/home119_hall1210_sensor5991c5995_electric-mains_electric-combined.csv.gz
119,2018-04,252.501698,False,12,Departamento,5,0.95153,0.98459,0.218027,0.9,240.262964,sensordata/home119_hall1210_sensor5991c5995_electric-mains_electric-combined.csv.gz
119,2018-06,191.793304,False,12,Departamento,3,0.936917,0.9551,0.200226,0.866667,179.694491,sensordata/home119_hall1210_sensor5991c5995_electric-mains_electric-combined.csv.gz
120,2017-07,145.445817,False,7,Casa,1,0.98517,0.972784,0.185597,0.967742,143.288892,sensordata/home120_hall1172_sensor5622c5626_electric-mains_electric-combined.csv.gz
120,2017-08,143.253313,False,7,Casa,1,0.98727,0.975829,0.176165,0.967742,141.429647,sensordata/home120_hall1172_sensor5622c5626_electric-mains_electric-combined.csv.gz
120,2017-09,128.797552,False,7,Casa,0,0.977965,0.984979,0.20612,0.966667,125.959434,sensordata/home120_hall1172_sensor5622c5626_electric-mains_electric-combined.csv.gz
120,2017-10,140.689686,False,7,Casa,1,0.973323,0.97515,0.217334,0.935484,136.936545,sensordata/home120_hall1172_sensor5622c5626_electric-mains_electric-combined.csv.gz
120,2017-11,158.357293,False,7,Casa,2,0.983115,0.992229,0.24984,1.0,155.683426,sensordata/home120_hall1172_sensor5622c5626_electric-mains_electric-combined.csv.gz
120,2018-03,197.551946,False,7,Casa,3,0.918711,0.957036,0.238274,0.83871,181.493133,sensordata/home120_hall1172_sensor5622c5626_electric-mains_electric-combined.csv.gz
120,2018-04,150.329913,False,7,Casa,2,0.951087,0.983113,0.202455,0.9,142.976796,sensordata/home120_hall1172_sensor5622c5626_electric-mains_electric-combined.csv.gz
121,2017-07,131.526127,False,7,Departamento,1,0.948224,0.971313,0.164139,0.83871,124.716272,sensordata/home121_hall1174_sensor5648c5652_electric-mains_electric-combined.csv.gz
122,2017-07,379.192211,False,10,Departamento,8,0.979016,0.968022,0.212428,0.935484,371.235178,sensordata/home122_hall1218_sensor6049c6053_electric-mains_electric-combined.csv.gz
122,2017-08,512.696841,True,10,Departamento,11,0.977532,0.951548,0.319711,0.935484,501.177624,sensordata/home122_hall1218_sensor6049c6053_electric-mains_electric-combined.csv.gz
122,2017-09,488.840785,True,10,Departamento,11,0.974505,0.952141,0.280521,0.9,476.377797,sensordata/home122_hall1218_sensor6049c6053_electric-mains_electric-combined.csv.gz
122,2017-10,501.067832,True,10,Departamento,10,0.973082,0.948472,0.299269,0.83871,487.580289,sensordata/home122_hall1218_sensor6049c6053_electric-mains_electric-combined.csv.gz
122,2018-03,505.024581,False,10,Departamento,13,0.918975,0.955703,0.170494,0.806452,464.104902,sensordata/home122_hall1218_sensor6049c6053_electric-mains_electric-combined.csv.gz
122,2018-04,500.002503,False,10,Departamento,10,0.952282,0.985502,0.174612,0.933333,476.143202,sensordata/home122_hall1218_sensor6049c6053_electric-mains_electric-combined.csv.gz
122,2018-06,460.138041,False,10,Departamento,7,0.943524,0.96225,0.207959,0.866667,434.151071,sensordata/home122_hall1218_sensor6049c6053_electric-mains_electric-combined.csv.gz
123,2017-07,234.951126,True,10,Departamento,3,0.99522,0.990824,0.301178,1.0,233.828038,sensordata/home123_hall1226_sensor6139c6143_electric-mains_electric-combined.csv.gz
123,2017-08,272.31619,True,10,Departamento,4,0.957894,0.943613,0.316012,0.903226,260.850116,sensordata/home123_hall1226_sensor6139c6143_electric-mains_electric-combined.csv.gz
123,2017-09,256.428763,True,10,Departamento,4,0.976836,0.98106,0.382331,1.0,250.488757,sensordata/home123_hall1226_sensor6139c6143_electric-mains_electric-combined.csv.gz
123,2017-10,328.124931,True,10,Departamento,6,0.988088,0.982119,0.317338,0.935484,324.216305,sensordata/home123_hall1226_sensor6139c6143_electric-mains_electric-combined.csv.gz
123,2017-11,371.622515,True,10,Departamento,8,0.947674,0.934275,0.304006,0.933333,352.176994,sensordata/home123_hall1226_sensor6139c6143_electric-mains_electric-combined.csv.gz
123,2018-04,276.129136,True,10,Departamento,5,0.946937,0.972641,0.29822,0.9,261.476927,sensordata/home123_hall1226_sensor6139c6143_electric-mains_electric-combined.csv.gz
123,2018-06,291.125558,True,10,Departamento,4,0.945745,0.965576,0.303786,0.866667,275.330649,sensordata/home123_hall1226_sensor6139c6143_electric-mains_electric-combined.csv.gz
124,2017-07,239.687517,False,9,Departamento,4,0.973429,0.976288,0.21115,1.0,233.318849,sensordata/home124_hall1237_sensor6211c6215_electric-mains_electric-combined.csv.gz
124,2017-08,227.224318,False,9,Departamento,3,0.972771,0.954931,0.121666,0.967742,221.037155,sensordata/home124_hall1237_sensor6211c6215_electric-mains_electric-combined.csv.gz
124,2017-09,232.685508,False,9,Departamento,4,0.966657,0.972032,0.223785,0.933333,224.92717,sensordata/home124_hall1237_sensor6211c6215_electric-mains_electric-combined.csv.gz
124,2017-10,270.44658,False,9,Departamento,5,0.959472,0.960385,0.248989,0.935484,259.48593,sensordata/home124_hall1237_sensor6211c6215_electric-mains_electric-combined.csv.gz
124,2017-11,248.496363,False,9,Departamento,4,0.971385,0.991356,0.244526,1.0,241.385743,sensordata/home124_hall1237_sensor6211c6215_electric-mains_electric-combined.csv.gz
124,2018-04,221.931082,False,9,Departamento,4,0.918447,0.956609,0.095336,0.9,203.831969,sensordata/home124_hall1237_sensor6211c6215_electric-mains_electric-combined.csv.gz
125,2017-07,103.45928,True,8,Departamento,1,0.969099,0.961064,0.274025,0.935484,100.262294,sensordata/home125_hall1244_sensor6266c6270_electric-mains_electric-combined.csv.gz
125,2017-08,131.737446,True,8,Departamento,2,0.970108,0.964619,0.291923,0.967742,127.799487,sensordata/home125_hall1244_sensor6266c6270_electric-mains_electric-combined.csv.gz
125,2017-09,144.426724,True,8,Departamento,2,0.966448,0.979153,0.305362,0.966667,139.580907,sensordata/home125_hall1244_sensor6266c6270_electric-mains_electric-combined.csv.gz
125,2017-11,173.42952,True,8,Departamento,2,0.976368,0.990963,0.300212,1.0,169.33111,sensordata/home125_hall1244_sensor6266c6270_electric-mains_electric-combined.csv.gz
125,2018-04,166.894932,True,8,Departamento,3,0.939586,0.977421,0.274581,0.9,156.812211,sensordata/home125_hall1244_sensor6266c6270_electric-mains_electric-combined.csv.gz
125,2018-06,138.080102,False,8,Departamento,2,0.915383,0.944792,0.219742,0.8,126.396192,sensordata/home125_hall1244_sensor6266c6270_electric-mains_electric-combined.csv.gz
126,2018-04,260.30301,False,12,Casa,3,0.931386,0.956759,0.198808,0.8,242.442527,sensordata/home126_hall1183_sensor5718c5722_electric-mains_electric-combined.csv.gz
129,2017-07,273.303275,True,9,Casa,3,0.972475,0.958808,0.260296,0.83871,265.780701,sensordata/home129_hall1190_sensor5809c5811_electric-mains_electric-combined.csv.gz
129,2017-08,276.458408,False,9,Casa,4,0.978474,0.956971,0.249855,0.935484,270.507492,sensordata/home129_hall1190_sensor5809c5811_electric-mains_electric-combined.csv.gz
135,2017-07,123.355692,False,8,Departamento,0,0.962237,0.957406,0.224275,0.83871,118.697384,sensordata/home135_hall1281_sensor6562c6566_electric-mains_electric-combined.csv.gz
135,2017-08,140.993427,False,8,Departamento,1,0.985927,0.966803,0.204067,0.967742,139.009286,sensordata/home135_hall1281_sensor6562c6566_electric-mains_electric-combined.csv.gz
135,2017-11,163.636172,True,8,Departamento,1,0.986799,0.98216,0.267602,0.966667,161.476074,sensordata/home135_hall1281_sensor6562c6566_electric-mains_electric-combined.csv.gz
135,2018-03,180.4255,True,8,Departamento,1,0.912186,0.939559,0.271876,0.806452,164.581675,sensordata/home135_hall1281_sensor6562c6566_electric-mains_electric-combined.csv.gz
135,2018-04,167.272693,True,8,Departamento,2,0.950454,0.982669,0.267457,0.9,158.98495,sensordata/home135_hall1281_sensor6562c6566_electric-mains_electric-combined.csv.gz
135,2018-06,132.259604,True,8,Departamento,1,0.939,0.953197,0.27168,0.833333,124.191717,sensordata/home135_hall1281_sensor6562c6566_electric-mains_electric-combined.csv.gz
136,2017-07,314.835604,False,10,Departamento,6,0.993769,0.996198,0.192936,1.0,312.873759,sensordata/home136_hall1287_sensor6597c6601_electric-mains_electric-combined.csv.gz
136,2017-08,301.811809,False,10,Departamento,6,0.991915,0.979673,0.181756,0.967742,299.371533,sensordata/home136_hall1287_sensor6597c6601_electric-mains_electric-combined.csv.gz
136,2017-09,293.375979,False,10,Departamento,6,0.996769,0.996942,0.203722,1.0,292.428054,sensordata/home136_hall1287_sensor6597c6601_electric-mains_electric-combined.csv.gz
136,2017-10,267.045555,False,10,Departamento,4,0.986348,0.98101,0.206676,0.935484,263.399716,sensordata/home136_hall1287_sensor6597c6601_electric-mains_electric-combined.csv.gz
136,2017-11,285.840126,False,10,Departamento,6,0.993467,0.996345,0.193294,1.0,283.972791,sensordata/home136_hall1287_sensor6597c6601_electric-mains_electric-combined.csv.gz
136,2018-03,361.703341,False,10,Departamento,9,0.915313,0.952077,0.231794,0.83871,331.071741,sensordata/home136_hall1287_sensor6597c6601_electric-mains_electric-combined.csv.gz
136,2018-04,251.705374,False,10,Departamento,5,0.948364,0.979778,0.179653,0.9,238.708365,sensordata/home136_hall1287_sensor6597c6601_electric-mains_electric-combined.csv.gz
139,2017-11,126.361528,False,8,Departamento,0,0.975292,0.985155,0.227965,0.9,123.239345,sensordata/home139_hall1313_sensor6798c6802_electric-mains_electric-combined.csv.gz
139,2018-03,144.775399,False,8,Departamento,1,0.910822,0.95226,0.196941,0.83871,131.864581,sensordata/home139_hall1313_sensor6798c6802_electric-mains_electric-combined.csv.gz
139,2018-04,125.212116,False,8,Departamento,1,0.925029,0.946356,0.18753,0.866667,115.82483,sensordata/home139_hall1313_sensor6798c6802_electric-mains_electric-combined.csv.gz
144,2017-08,414.954885,False,17,Departamento,13,0.987685,0.965381,0.176501,0.935484,409.844793,sensordata/home144_hall1337_sensor7029c7033_electric-mains_electric-combined.csv.gz
144,2017-09,417.922141,False,17,Departamento,14,0.990408,0.9785,0.217651,0.933333,413.913345,sensordata/home144_hall1337_sensor7029c7033_electric-mains_electric-combined.csv.gz
144,2017-10,429.181282,False,17,Departamento,13,0.981362,0.970547,0.213691,0.870968,421.182379,sensordata/home144_hall1337_sensor7029c7033_electric-mains_electric-combined.csv.gz
145,2018-04,170.533533,False,7,Departamento,3,0.930476,0.967954,0.216536,0.9,158.677439,sensordata/home145_hall1345_sensor7121c7125_electric-mains_electric-combined.csv.gz
145,2018-06,144.896886,False,7,Departamento,2,0.920915,0.942176,0.188961,0.8,133.437733,sensordata/home145_hall1345_sensor7121c7125_electric-mains_electric-combined.csv.gz
146,2017-08,712.385334,False,16,Casa,19,0.989516,0.976819,0.191329,0.967742,704.916778,sensordata/home146_other1356_sensor7181c7185_electric-mains_electric-combined.csv.gz
146,2017-09,694.99644,False,16,Casa,21,0.984682,0.980613,0.187489,1.0,684.350553,sensordata/home146_other1356_sensor7181c7185_electric-mains_electric-combined.csv.gz
146,2017-10,610.451335,False,16,Casa,20,0.982243,0.976259,0.202203,0.935484,599.611385,sensordata/home146_other1356_sensor7181c7185_electric-mains_electric-combined.csv.gz
146,2017-11,812.264787,False,16,Casa,24,0.979921,0.971294,0.212742,0.866667,795.954936,sensordata/home146_other1356_sensor7181c7185_electric-mains_electric-combined.csv.gz
147,2017-08,377.129843,False,12,Departamento,9,0.986179,0.974845,0.182885,0.903226,371.917555,sensordata/home147_hall1365_sensor7287c7291_electric-mains_electric-combined.csv.gz
147,2017-09,365.59434,False,12,Departamento,9,0.990255,0.989769,0.174224,0.966667,362.03177,sensordata/home147_hall1365_sensor7287c7291_electric-mains_electric-combined.csv.gz
147,2017-10,353.521325,False,12,Departamento,7,0.975228,0.961071,0.187419,0.806452,344.763961,sensordata/home147_hall1365_sensor7287c7291_electric-mains_electric-combined.csv.gz
147,2017-11,296.892147,False,12,Departamento,4,0.97207,0.970759,0.17852,0.833333,288.599899,sensordata/home147_hall1365_sensor7287c7291_electric-mains_electric-combined.csv.gz
148,2017-08,229.698902,True,9,Departamento,4,0.964953,0.949173,0.299358,0.83871,221.648635,sensordata/home148_hall1372_sensor7329c7333_electric-mains_electric-combined.csv.gz
151,2017-08,303.957542,False,15,Casa,4,0.975142,0.96218,0.22806,0.935484,296.401728,sensordata/home151_hall1397_sensor7543c7547_electric-mains_electric-combined.csv.gz
151,2017-09,276.154521,False,15,Casa,3,0.986042,0.98553,0.239772,0.966667,272.299864,sensordata/home151_hall1397_sensor7543c7547_electric-mains_electric-combined.csv.gz
151,2017-10,302.840445,False,15,Casa,4,0.972329,0.94515,0.249882,0.870968,294.460504,sensordata/home151_hall1397_sensor7543c7547_electric-mains_electric-combined.csv.gz
151,2017-11,320.482828,False,15,Casa,5,0.987113,0.990137,0.247829,0.966667,316.352902,sensordata/home151_hall1397_sensor7543c7547_electric-mains_electric-combined.csv.gz
151,2018-03,330.343339,True,15,Casa,5,0.91486,0.952829,0.260704,0.806452,302.217842,sensordata/home151_hall1397_sensor7543c7547_electric-mains_electric-combined.csv.gz
151,2018-04,289.224829,False,15,Casa,4,0.947535,0.981086,0.240743,0.9,274.050679,sensordata/home151_hall1397_sensor7543c7547_electric-mains_electric-combined.csv.gz
151,2018-06,266.929573,False,15,Casa,3,0.938949,0.955963,0.226279,0.866667,250.633276,sensordata/home151_hall1397_sensor7543c7547_electric-mains_electric-combined.csv.gz
156,2017-08,455.668732,False,14,Departamento,8,0.987074,0.97287,0.248122,0.967742,449.778587,sensordata/home156_hall1443_sensor7906c7910_electric-mains_electric-combined.csv.gz
156,2017-11,646.300117,False,14,Departamento,19,0.956494,0.969458,0.187905,0.9,618.182072,sensordata/home156_hall1443_sensor7906c7910_electric-mains_electric-combined.csv.gz
157,2017-10,282.80363,False,8,Departamento,7,0.942526,0.953851,0.241287,0.83871,266.549697,sensordata/home157_livingroom1611_sensor9304c9308_electric-mains_electric-combined.csv.gz
157,2017-11,289.870469,True,8,Departamento,8,0.956358,0.969093,0.260483,0.8,277.220061,sensordata/home157_livingroom1611_sensor9304c9308_electric-mains_electric-combined.csv.gz
158,2017-08,200.961316,False,14,Departamento,3,0.961532,0.955634,0.222836,0.903226,193.230638,sensordata/home158_hall1453_sensor7975c7979_electric-mains_electric-combined.csv.gz
158,2017-09,183.186883,True,14,Departamento,3,0.962224,0.969178,0.275502,0.933333,176.266843,sensordata/home158_hall1453_sensor7975c7979_electric-mains_electric-combined.csv.gz
158,2017-10,188.771958,True,14,Departamento,2,0.958635,0.961402,0.279042,0.903226,180.963401,sensordata/home158_hall1453_sensor7975c7979_electric-mains_electric-combined.csv.gz
158,2017-11,244.615238,True,14,Departamento,3,0.964846,0.974088,0.297086,0.966667,236.015955,sensordata/home158_hall1453_sensor7975c7979_electric-mains_electric-combined.csv.gz
158,2018-04,245.152665,True,14,Departamento,4,0.906906,0.948655,0.287823,0.8,222.330484,sensordata/home158_hall1453_sensor7975c7979_electric-mains_electric-combined.csv.gz
159,2017-08,199.256545,False,6,Departamento,2,0.987621,0.974924,0.232835,0.967742,196.789942,sensordata/home159_other1457_sensor8000c8004_electric-mains_electric-combined.csv.gz
159,2017-09,188.69181,False,6,Departamento,2,0.988835,0.987396,0.237644,1.0,186.585042,sensordata/home159_other1457_sensor8000c8004_electric-mains_electric-combined.csv.gz
159,2017-10,190.764443,True,6,Departamento,2,0.982758,0.979164,0.269529,0.903226,187.475357,sensordata/home159_other1457_sensor8000c8004_electric-mains_electric-combined.csv.gz
159,2017-11,194.969899,False,6,Departamento,2,0.993248,0.993653,0.232752,1.0,193.653551,sensordata/home159_other1457_sensor8000c8004_electric-mains_electric-combined.csv.gz
159,2018-04,187.173493,False,6,Departamento,1,0.949297,0.986076,0.200553,0.9,177.68332,sensordata/home159_other1457_sensor8000c8004_electric-mains_electric-combined.csv.gz
159,2018-06,199.788887,False,6,Departamento,2,0.936614,0.93969,0.195334,0.833333,187.125108,sensordata/home159_other1457_sensor8000c8004_electric-mains_electric-combined.csv.gz
160,2017-11,416.108468,True,16,Departamento,10,0.971176,0.974248,0.260475,0.8,404.114687,sensordata/home160_utility1467_sensor8073c8077_electric-mains_electric-combined.csv.gz
160,2018-06,365.216155,False,16,Departamento,8,0.923027,0.948289,0.19019,0.8,337.104515,sensordata/home160_utility1467_sensor8073c8077_electric-mains_electric-combined.csv.gz
161,2017-08,214.643804,False,7,Casa,3,0.981804,0.973168,0.196423,0.967742,210.738158,sensordata/home161_other1488_sensor8214c8218_electric-mains_electric-combined.csv.gz
161,2017-09,236.95602,False,7,Casa,4,0.98964,0.993282,0.238798,1.0,234.501166,sensordata/home161_other1488_sensor8214c8218_electric-mains_electric-combined.csv.gz
161,2017-10,258.778479,False,7,Casa,4,0.981825,0.979657,0.24327,0.935484,254.075117,sensordata/home161_other1488_sensor8214c8218_electric-mains_electric-combined.csv.gz
161,2017-11,265.336082,False,7,Casa,5,0.98754,0.991794,0.242788,1.0,262.029925,sensordata/home161_other1488_sensor8214c8218_electric-mains_electric-combined.csv.gz
161,2018-04,328.37551,False,7,Casa,6,0.934655,0.97775,0.174052,0.866667,306.917843,sensordata/home161_other1488_sensor8214c8218_electric-mains_electric-combined.csv.gz
161,2018-06,277.93904,False,7,Casa,5,0.925048,0.945076,0.17634,0.866667,257.106908,sensordata/home161_other1488_sensor8214c8218_electric-mains_electric-combined.csv.gz
162,2017-11,355.743138,False,10,Departamento,6,0.983432,0.976586,0.196371,0.966667,349.849084,sensordata/home162_hall1618_sensor9347c9351_electric-mains_electric-combined.csv.gz
163,2017-09,185.821966,True,11,Casa,3,0.923408,0.90225,0.277,0.866667,171.589524,sensordata/home163_hall1625_sensor9458_electric-mains_electric-combined.csv.gz
164,2017-08,431.18084,False,10,Casa,11,0.987721,0.974951,0.211501,0.967742,425.886222,sensordata/home164_other1489_sensor8225c8227_electric-mains_electric-combined.csv.gz
164,2017-09,431.243465,False,10,Casa,11,0.991017,0.991046,0.222349,1.0,427.369594,sensordata/home164_other1489_sensor8225c8227_electric-mains_electric-combined.csv.gz
164,2017-11,454.383845,False,10,Casa,12,0.982314,0.9875,0.223971,0.933333,446.347632,sensordata/home164_other1489_sensor8225c8227_electric-mains_electric-combined.csv.gz
164,2018-03,517.507908,False,10,Casa,16,0.906332,0.922177,0.212431,0.806452,469.034203,sensordata/home164_other1489_sensor8225c8227_electric-mains_electric-combined.csv.gz
164,2018-06,429.45757,False,10,Casa,12,0.945003,0.963282,0.210515,0.866667,405.838895,sensordata/home164_other1489_sensor8225c8227_electric-mains_electric-combined.csv.gz
165,2017-08,185.849123,False,12,Departamento,2,0.983312,0.967977,0.202649,0.967742,182.747613,sensordata/home165_cupboard1501_sensor8320c8324_electric-mains_electric-combined.csv.gz
165,2017-09,157.257295,False,12,Departamento,1,0.991126,0.990854,0.213548,1.0,155.861818,sensordata/home165_cupboard1501_sensor8320c8324_electric-mains_electric-combined.csv.gz
165,2017-10,175.648361,True,12,Departamento,2,0.974069,0.972872,0.303714,0.935484,171.093554,sensordata/home165_cupboard1501_sensor8320c8324_electric-mains_electric-combined.csv.gz
165,2017-11,191.307336,True,12,Departamento,3,0.991881,0.993863,0.329567,1.0,189.754071,sensordata/home165_cupboard1501_sensor8320c8324_electric-mains_electric-combined.csv.gz
165,2018-04,156.54991,True,12,Departamento,1,0.936449,0.974653,0.276818,0.9,146.600958,sensordata/home165_cupboard1501_sensor8320c8324_electric-mains_electric-combined.csv.gz
165,2018-06,146.973373,False,12,Departamento,1,0.930351,0.953921,0.246201,0.866667,136.73678,sensordata/home165_cupboard1501_sensor8320c8324_electric-mains_electric-combined.csv.gz
166,2017-09,290.80759,True,7,Casa,5,0.983571,0.974843,0.266071,0.966667,286.029908,sensordata/home166_other1515_sensor8403c8407_electric-mains_electric-combined.csv.gz
166,2017-10,297.642837,True,7,Casa,5,0.980745,0.968905,0.266449,0.935484,291.911825,sensordata/home166_other1515_sensor8403c8407_electric-mains_electric-combined.csv.gz
166,2017-11,334.606057,True,7,Casa,8,0.987769,0.981051,0.294595,1.0,330.513587,sensordata/home166_other1515_sensor8403c8407_electric-mains_electric-combined.csv.gz
166,2018-04,329.227371,True,7,Casa,7,0.941601,0.973079,0.253692,0.866667,310.000721,sensordata/home166_other1515_sensor8403c8407_electric-mains_electric-combined.csv.gz
168,2017-11,561.271599,True,16,Casa,13,0.994925,0.992382,0.285613,1.0,558.423016,sensordata/home168_other1530_sensor8528c8532_electric-mains_electric-combined.csv.gz
169,2017-08,216.267608,True,18,Casa,3,0.938289,0.938586,0.289905,0.903226,202.921416,sensordata/home169_kitchen1542_sensor8594c8600_electric-mains_electric-combined.csv.gz
169,2017-09,212.193602,True,18,Casa,3,0.982719,0.977514,0.259544,1.0,208.526713,sensordata/home169_kitchen1542_sensor8594c8600_electric-mains_electric-combined.csv.gz
169,2017-11,215.6026,True,18,Casa,3,0.992995,0.993132,0.333753,1.0,214.092384,sensordata/home169_kitchen1542_sensor8594c8600_electric-mains_electric-combined.csv.gz
170,2017-10,350.05671,True,12,Casa,7,0.965772,0.950168,0.365762,0.870968,338.074904,sensordata/home170_hall1553_sensor8679c8681_electric-mains_electric-combined.csv.gz
170,2017-11,445.69662,True,12,Casa,9,0.98152,0.972914,0.392263,0.9,437.460346,sensordata/home170_hall1553_sensor8679c8681_electric-mains_electric-combined.csv.gz
173,2017-10,378.054908,False,11,Casa,9,0.986655,0.982202,0.174336,0.935484,373.009665,sensordata/home173_livingroom1587_sensor8933c8937_electric-mains_electric-combined.csv.gz
174,2017-09,573.830788,True,10,Casa,16,0.979894,0.971174,0.257438,0.933333,562.293291,sensordata/home174_hall1591_sensor8945c8949_electric-mains_electric-combined.csv.gz
174,2017-10,566.32693,True,10,Casa,15,0.981263,0.973221,0.26069,0.903226,555.715796,sensordata/home174_hall1591_sensor8945c8949_electric-mains_electric-combined.csv.gz
174,2017-11,608.644567,True,10,Casa,18,0.987571,0.985169,0.28809,1.0,601.079481,sensordata/home174_hall1591_sensor8945c8949_electric-mains_electric-combined.csv.gz
175,2017-09,366.96403,True,17,Casa,7,0.97298,0.96363,0.262729,0.866667,357.04864,sensordata/home175_livingroom1635_sensor9490c9500_electric-mains_electric-combined.csv.gz
175,2017-10,376.11022,True,17,Casa,7,0.964264,0.951729,0.287901,0.806452,362.669538,sensordata/home175_livingroom1635_sensor9490c9500_electric-mains_electric-combined.csv.gz
175,2017-11,395.157109,True,17,Casa,7,0.974748,0.956812,0.2848,0.866667,385.178477,sensordata/home175_livingroom1635_sensor9490c9500_electric-mains_electric-combined.csv.gz
175,2018-04,366.214874,False,17,Casa,7,0.937797,0.976863,0.224829,0.866667,343.435235,sensordata/home175_livingroom1635_sensor9490c9500_electric-mains_electric-combined.csv.gz
176,2017-11,252.205158,True,6,Casa,4,0.966055,0.959556,0.25488,0.933333,243.644097,sensordata/home176_hall1643_sensor9549c9553_electric-mains_electric-combined.csv.gz
177,2017-09,288.818932,True,7,Departamento,6,0.987229,0.97887,0.258122,0.966667,285.130473,sensordata/home177_hall1671_sensor9782c9786_electric-mains_electric-combined.csv.gz
177,2017-10,283.080479,True,7,Departamento,6,0.9681,0.956694,0.256984,0.83871,274.050296,sensordata/home177_hall1671_sensor9782c9786_electric-mains_electric-combined.csv.gz
177,2017-11,308.368774,True,7,Departamento,7,0.992195,0.98734,0.280479,0.966667,305.962023,sensordata/home177_hall1671_sensor9782c9786_electric-mains_electric-combined.csv.gz
177,2018-06,252.580326,False,7,Departamento,4,0.94496,0.96534,0.244351,0.866667,238.678273,sensordata/home177_hall1671_sensor9782c9786_electric-mains_electric-combined.csv.gz
178,2017-09,219.642154,True,14,Casa,4,0.947631,0.958912,0.254145,0.8,208.139667,sensordata/home178_hall1681_sensor9863c9873_electric-mains_electric-combined.csv.gz
178,2017-11,287.617137,True,14,Casa,6,0.982776,0.980778,0.274351,0.966667,282.663176,sensordata/home178_hall1681_sensor9863c9873_electric-mains_electric-combined.csv.gz
178,2018-04,316.33697,False,14,Casa,7,0.939289,0.973215,0.217608,0.9,297.131947,sensordata/home178_hall1681_sensor9863c9873_electric-mains_electric-combined.csv.gz
178,2018-06,277.709526,False,14,Casa,6,0.928673,0.945403,0.232822,0.833333,257.901401,sensordata/home178_hall1681_sensor9863c9873_electric-mains_electric-combined.csv.gz
179,2017-09,98.563504,False,8,Departamento,0,0.968611,0.974384,0.240202,1.0,95.469667,sensordata/home179_hall1655_sensor9650c9666_electric-mains_electric-combined.csv.gz
179,2017-10,166.563591,False,8,Departamento,1,0.96292,0.966989,0.24516,0.83871,160.387386,sensordata/home179_hall1655_sensor9650c9666_electric-mains_electric-combined.csv.gz
179,2017-11,103.2403,True,8,Departamento,0,0.970056,0.974025,0.262725,1.0,100.148906,sensordata/home179_hall1655_sensor9650c9666_electric-mains_electric-combined.csv.gz
179,2018-04,157.346854,True,8,Departamento,1,0.932715,0.968812,0.266103,0.9,146.759754,sensordata/home179_hall1655_sensor9650c9666_electric-mains_electric-combined.csv.gz
179,2018-06,163.454882,True,8,Departamento,1,0.924323,0.953597,0.254636,0.8,151.08503,sensordata/home179_hall1655_sensor9650c9666_electric-mains_electric-combined.csv.gz
181,2017-09,433.693644,True,10,Casa,11,0.986675,0.987477,0.253876,1.0,427.914743,sensordata/home181_hall1690_sensor9952c9956_electric-mains_electric-combined.csv.gz
183,2017-11,211.484635,False,11,Casa,4,0.982987,0.981947,0.249608,0.933333,207.886622,sensordata/home183_kitchen1709_sensor10127c10131_electric-mains_electric-combined.csv.gz
184,2017-09,238.906134,False,9,Casa,3,0.992507,0.992796,0.192058,1.0,237.116089,sensordata/home184_hall1722_sensor10180c10184_electric-mains_electric-combined.csv.gz
184,2017-10,267.835702,False,9,Casa,2,0.985272,0.978819,0.244617,0.935484,263.891067,sensordata/home184_hall1722_sensor10180c10184_electric-mains_electric-combined.csv.gz
184,2017-11,283.382526,False,9,Casa,3,0.981766,0.994211,0.245498,0.933333,278.215387,sensordata/home184_hall1722_sensor10180c10184_electric-mains_electric-combined.csv.gz
184,2018-03,302.334896,False,9,Casa,3,0.915205,0.952762,0.219496,0.83871,276.698257,sensordata/home184_hall1722_sensor10180c10184_electric-mains_electric-combined.csv.gz
184,2018-04,283.61769,False,9,Casa,3,0.9496,0.984801,0.212276,0.9,269.323446,sensordata/home184_hall1722_sensor10180c10184_electric-mains_electric-combined.csv.gz
184,2018-06,251.808647,False,9,Casa,3,0.941277,0.961023,0.214448,0.866667,237.021689,sensordata/home184_hall1722_sensor10180c10184_electric-mains_electric-combined.csv.gz
185,2018-06,189.58176,False,8,Casa,3,0.917856,0.936194,0.238637,0.833333,174.008848,sensordata/home185_hall1734_sensor10230c10259_electric-mains_electric-combined.csv.gz
186,2017-10,173.072334,True,14,Casa,2,0.982218,0.975056,0.368012,0.935484,169.994783,sensordata/home186_utility1773_sensor10626c10630_electric-mains_electric-combined.csv.gz
186,2017-11,228.368284,True,14,Casa,4,0.989478,0.986167,0.267596,0.933333,225.965395,sensordata/home186_utility1773_sensor10626c10630_electric-mains_electric-combined.csv.gz
186,2018-06,225.363663,False,14,Casa,4,0.909973,0.93813,0.232271,0.833333,205.074934,sensordata/home186_utility1773_sensor10626c10630_electric-mains_electric-combined.csv.gz
188,2017-11,190.241362,True,6,Departamento,3,0.906973,0.915641,0.311382,0.8,172.543704,sensordata/home188_hall1750_sensor10384c10388_electric-mains_electric-combined.csv.gz
188,2018-04,175.775456,False,6,Departamento,2,0.928437,0.97459,0.248665,0.866667,163.196389,sensordata/home188_hall1750_sensor10384c10388_electric-mains_electric-combined.csv.gz
189,2017-11,279.73235,True,19,Departamento,5,0.987299,0.975185,0.297719,0.966667,276.179576,sensordata/home189_hall1761_sensor10493c10497_electric-mains_electric-combined.csv.gz
189,2018-03,306.514102,True,19,Departamento,4,0.916762,0.950417,0.271446,0.83871,281.000367,sensordata/home189_hall1761_sensor10493c10497_electric-mains_electric-combined.csv.gz
189,2018-04,286.222035,True,19,Departamento,4,0.951599,0.986623,0.289077,0.866667,272.368646,sensordata/home189_hall1761_sensor10493c10497_electric-mains_electric-combined.csv.gz
191,2017-10,233.4665,False,12,Casa,3,0.969522,0.970511,0.188908,0.935484,226.350908,sensordata/home191_hall1785_sensor10670c10674_electric-mains_electric-combined.csv.gz
191,2017-11,285.774778,False,12,Casa,4,0.979344,0.984648,0.192319,0.966667,279.871743,sensordata/home191_hall1785_sensor10670c10674_electric-mains_electric-combined.csv.gz
191,2018-04,227.099958,False,12,Casa,3,0.938956,0.978678,0.228377,0.8,213.236872,sensordata/home191_hall1785_sensor10670c10674_electric-mains_electric-combined.csv.gz
191,2018-06,225.731346,True,12,Casa,3,0.937222,0.96181,0.263865,0.866667,211.560347,sensordata/home191_hall1785_sensor10670c10674_electric-mains_electric-combined.csv.gz
194,2017-10,116.996869,False,5,Departamento,1,0.962268,0.962672,0.182082,0.935484,112.582353,sensordata/home194_hall1813_sensor10897c10899_electric-mains_electric-combined.csv.gz
194,2017-11,111.69912,False,5,Departamento,1,0.970973,0.978565,0.164514,1.0,108.456829,sensordata/home194_hall1813_sensor10897c10899_electric-mains_electric-combined.csv.gz
194,2018-04,118.724292,False,5,Departamento,1,0.927777,0.965016,0.17048,0.9,110.149623,sensordata/home194_hall1813_sensor10897c10899_electric-mains_electric-combined.csv.gz
199,2017-11,798.781014,True,16,Casa,18,0.966124,0.953218,0.297388,0.8,771.721691,sensordata/home199_livingroom1852_sensor11113c11117_electric-mains_electric-combined.csv.gz
199,2018-04,725.143197,True,16,Casa,21,0.923942,0.954678,0.251097,0.8,669.99007,sensordata/home199_livingroom1852_sensor11113c11117_electric-mains_electric-combined.csv.gz
203,2017-10,207.060376,True,15,Casa,2,0.936893,0.948705,0.266268,0.870968,193.993337,sensordata/home203_livingroom1897_sensor11445c11449_electric-mains_electric-combined.csv.gz
203,2017-11,242.192043,True,15,Casa,3,0.996047,0.995956,0.257287,1.0,241.234581,sensordata/home203_livingroom1897_sensor11445c11449_electric-mains_electric-combined.csv.gz
203,2018-03,242.363015,True,15,Casa,4,0.91945,0.957124,0.274509,0.83871,222.840596,sensordata/home203_livingroom1897_sensor11445c11449_electric-mains_electric-combined.csv.gz
203,2018-04,211.183469,True,15,Casa,3,0.951184,0.986553,0.258336,0.9,200.874261,sensordata/home203_livingroom1897_sensor11445c11449_electric-mains_electric-combined.csv.gz
205,2017-11,171.529087,True,14,Departamento,1,0.970392,0.981613,0.316103,1.0,166.450449,sensordata/home205_hall1921_sensor11715c11720_electric-mains_electric-combined.csv.gz
206,2017-11,306.185676,True,9,Casa,6,0.984897,0.981375,0.289172,0.933333,301.561233,sensordata/home206_livingroom1910_sensor11569c11571_electric-mains_electric-combined.csv.gz
206,2018-04,309.69588,True,9,Casa,6,0.938258,0.974141,0.258115,0.866667,290.574669,sensordata/home206_livingroom1910_sensor11569c11571_electric-mains_electric-combined.csv.gz
206,2018-06,273.618663,False,9,Casa,5,0.934334,0.949451,0.225186,0.866667,255.651249,sensordata/home206_livingroom1910_sensor11569c11571_electric-mains_electric-combined.csv.gz
208,2017-11,342.329332,False,9,Departamento,5,0.980273,0.982301,0.203354,0.933333,335.576119,sensordata/home208_hall1934_sensor11831c11835_electric-mains_electric-combined.csv.gz
208,2018-06,220.982861,False,9,Departamento,2,0.93856,0.956759,0.192179,0.866667,207.405715,sensordata/home208_hall1934_sensor11831c11835_electric-mains_electric-combined.csv.gz
209,2017-11,95.307648,False,7,Departamento,0,0.961299,0.962657,0.20041,1.0,91.61911,sensordata/home209_hall2062_sensor12899c12903_electric-mains_electric-combined.csv.gz
209,2018-06,106.920666,False,7,Departamento,0,0.915921,0.935676,0.173936,0.833333,97.930833,sensordata/home209_hall2062_sensor12899c12903_electric-mains_electric-combined.csv.gz
211,2017-11,250.413297,True,8,Casa,4,0.981262,0.988565,0.303581,1.0,245.721139,sensordata/home211_bathroom1956_sensor11989c11993_electric-mains_electric-combined.csv.gz
211,2018-03,302.928551,True,8,Casa,5,0.905981,0.952162,0.296831,0.83871,274.447627,sensordata/home211_bathroom1956_sensor11989c11993_electric-mains_electric-combined.csv.gz
215,2018-03,182.216497,True,7,Departamento,2,0.90309,0.941463,0.276156,0.806452,164.557887,sensordata/home215_hall1998_sensor12241c12245_electric-mains_electric-combined.csv.gz
215,2018-04,172.43666,True,7,Departamento,2,0.937541,0.971171,0.277856,0.9,161.666354,sensordata/home215_hall1998_sensor12241c12245_electric-mains_electric-combined.csv.gz
215,2018-06,155.772693,False,7,Departamento,2,0.931093,0.954072,0.237072,0.833333,145.038801,sensordata/home215_hall1998_sensor12241c12245_electric-mains_electric-combined.csv.gz
219,2017-11,423.873054,False,12,Departamento,8,0.98393,0.989315,0.2329,0.933333,417.061486,sensordata/home219_hall2019_sensor12535c12539_electric-mains_electric-combined.csv.gz
221,2017-11,168.315415,True,6,Departamento,2,0.967993,0.985301,0.287218,0.966667,162.928153,sensordata/home221_bedroom2032_sensor12649c12653_electric-mains_electric-combined.csv.gz
224,2017-11,224.556378,True,11,Casa,5,0.98301,0.994451,0.254778,0.966667,220.741172,sensordata/home224_hall2069_sensor12940c12944_electric-mains_electric-combined.csv.gz
224,2018-04,186.748424,False,11,Casa,3,0.938662,0.973118,0.2188,0.9,175.293584,sensordata/home224_hall2069_sensor12940c12944_electric-mains_electric-combined.csv.gz
224,2018-06,188.768014,False,11,Casa,3,0.932252,0.947146,0.22843,0.8,175.979345,sensordata/home224_hall2069_sensor12940c12944_electric-mains_electric-combined.csv.gz
225,2017-11,195.119546,True,14,Departamento,1,0.977064,0.982137,0.299021,0.9,190.644293,sensordata/home225_hall2079_sensor13027c13031_electric-mains_electric-combined.csv.gz
226,2017-11,191.764191,True,9,Departamento,4,0.987782,0.991664,0.307478,0.966667,189.421221,sensordata/home226_hall2089_sensor13086c13090_electric-mains_electric-combined.csv.gz
228,2018-04,208.813105,True,12,Departamento,3,0.929137,0.967336,0.255003,0.8,194.015974,sensordata/home228_hall2105_sensor13327c13331_electric-mains_electric-combined.csv.gz
228,2018-06,189.35648,False,12,Departamento,3,0.932566,0.956363,0.232035,0.866667,176.58741,sensordata/home228_hall2105_sensor13327c13331_electric-mains_electric-combined.csv.gz
229,2017-11,535.838896,True,12,Casa,10,0.985562,0.980479,0.281041,0.933333,528.102515,sensordata/home229_utility2117_sensor13405c13409_electric-mains_electric-combined.csv.gz
229,2018-03,703.949121,True,12,Casa,11,0.917307,0.953607,0.291423,0.806452,645.737519,sensordata/home229_utility2117_sensor13405c13409_electric-mains_electric-combined.csv.gz
229,2018-04,473.076038,False,12,Casa,8,0.946147,0.977028,0.249296,0.866667,447.599652,sensordata/home229_utility2117_sensor13405c13409_electric-mains_electric-combined.csv.gz
229,2018-06,449.529587,False,12,Casa,8,0.942144,0.959373,0.216268,0.866667,423.521561,sensordata/home229_utility2117_sensor13405c13409_electric-mains_electric-combined.csv.gz
231,2018-04,402.897382,False,12,Casa,10,0.945385,0.979704,0.20586,0.866667,380.893309,sensordata/home231_hall2140_sensor13536c13540_electric-mains_electric-combined.csv.gz
232,2017-11,329.040764,True,9,Casa,7,0.969305,0.935917,0.266458,0.866667,318.940914,sensordata/home232_livingroom2142_sensor13572c13576_electric-mains_electric-combined.csv.gz
232,2018-04,347.769732,False,9,Casa,8,0.93544,0.958505,0.194275,0.833333,325.317788,sensordata/home232_livingroom2142_sensor13572c13576_electric-mains_electric-combined.csv.gz
235,2018-04,172.536986,True,13,Casa,2,0.917257,0.931613,0.283266,0.833333,158.260815,sensordata/home235_kitchen2207_sensor14140c14144_electric-mains_electric-combined.csv.gz
237,2018-03,144.43029,True,7,Departamento,1,0.90005,0.938681,0.278011,0.83871,129.994496,sensordata/home237_hall2189_sensor13992c13996_electric-mains_electric-combined.csv.gz
237,2018-04,130.630359,False,7,Departamento,1,0.922301,0.960942,0.230111,0.833333,120.480551,sensordata/home237_hall2189_sensor13992c13996_electric-mains_electric-combined.csv.gz
237,2018-06,126.585177,True,7,Departamento,1,0.916421,0.939391,0.261402,0.8,116.005304,sensordata/home237_hall2189_sensor13992c13996_electric-mains_electric-combined.csv.gz
238,2017-11,276.362461,False,13,Departamento,5,0.930916,0.947606,0.240042,0.933333,257.270208,sensordata/home238_livingroom2203_sensor14058c14062_electric-mains_electric-combined.csv.gz
240,2018-06,134.107119,False,8,Departamento,1,0.91501,0.912396,0.195802,0.866667,122.709359,sensordata/home240_bedroom2228_sensor14307c14311_electric-mains_electric-combined.csv.gz
241,2018-03,206.309034,False,7,Departamento,2,0.907386,0.948217,0.200232,0.83871,187.201846,sensordata/home241_utility2235_sensor14320c14324_electric-mains_electric-combined.csv.gz
241,2018-04,175.324164,False,7,Departamento,2,0.926321,0.968174,0.180172,0.8,162.406453,sensordata/home241_utility2235_sensor14320c14324_electric-mains_electric-combined.csv.gz
241,2018-06,183.887372,False,7,Departamento,2,0.927907,0.951965,0.242474,0.866667,170.630384,sensordata/home241_utility2235_sensor14320c14324_electric-mains_electric-combined.csv.gz
242,2018-03,297.970659,True,13,Casa,7,0.913398,0.95211,0.272414,0.806452,272.165807,sensordata/home242_diningroom2246_sensor14483c14487_electric-mains_electric-combined.csv.gz
242,2018-04,262.413385,True,13,Casa,5,0.940194,0.969715,0.279733,0.833333,246.719404,sensordata/home242_diningroom2246_sensor14483c14487_electric-mains_electric-combined.csv.gz
242,2018-06,226.514579,False,13,Casa,4,0.939181,0.956039,0.246057,0.866667,212.738088,sensordata/home242_diningroom2246_sensor14483c14487_electric-mains_electric-combined.csv.gz
248,2018-04,170.86793,False,11,Departamento,2,0.938227,0.984891,0.211342,0.866667,160.31288,sensordata/home248_hall2299_sensor14827c14831_electric-mains_electric-combined.csv.gz
250,2018-03,219.303575,False,11,Departamento,2,0.914209,0.95099,0.218381,0.806452,200.489283,sensordata/home250_study2316_sensor14973c14977_electric-mains_electric-combined.csv.gz
250,2018-04,197.844166,False,11,Departamento,1,0.944274,0.9751,0.205141,0.9,186.81901,sensordata/home250_study2316_sensor14973c14977_electric-mains_electric-combined.csv.gz
250,2018-06,199.57351,False,11,Departamento,2,0.930239,0.952863,0.212383,0.866667,185.651024,sensordata/home250_study2316_sensor14973c14977_electric-mains_electric-combined.csv.gz
251,2018-04,109.31498,True,14,Departamento,1,0.918002,0.965868,0.318434,0.9,100.351362,sensordata/home251_hall2321_sensor15051c15055_electric-mains_electric-combined.csv.gz
251,2018-06,108.546329,True,14,Departamento,1,0.91111,0.942831,0.264156,0.866667,98.897683,sensordata/home251_hall2321_sensor15051c15055_electric-mains_electric-combined.csv.gz
252,2018-03,161.104364,False,12,Departamento,2,0.906742,0.945459,0.229901,0.806452,146.080123,sensordata/home252_kitchen2337_sensor15216c15220_electric-mains_electric-combined.csv.gz
252,2018-04,147.643017,False,12,Departamento,1,0.924458,0.953792,0.20821,0.8,136.489818,sensordata/home252_kitchen2337_sensor15216c15220_electric-mains_electric-combined.csv.gz
255,2018-03,252.234923,True,14,Departamento,4,0.920308,0.957619,0.312902,0.806452,232.133739,sensordata/home255_hall2358_sensor15519c15523_electric-mains_electric-combined.csv.gz
255,2018-04,340.087643,False,14,Departamento,11,0.951348,0.983812,0.243535,0.9,323.541566,sensordata/home255_hall2358_sensor15519c15523_electric-mains_electric-combined.csv.gz
255,2018-06,183.569759,False,14,Departamento,1,0.939632,0.964174,0.234739,0.833333,172.487939,sensordata/home255_hall2358_sensor15519c15523_electric-mains_electric-combined.csv.gz
261,2018-03,393.296965,True,13,Casa,8,0.914769,0.954583,0.267479,0.806452,359.775707,sensordata/home261_hall2410_sensor15918c15924_electric-mains_electric-combined.csv.gz
261,2018-04,325.834958,True,13,Casa,5,0.948939,0.980086,0.254984,0.9,309.197639,sensordata/home261_hall2410_sensor15918c15924_electric-mains_electric-combined.csv.gz
261,2018-06,340.332854,True,13,Casa,6,0.940813,0.959313,0.263252,0.866667,320.189535,sensordata/home261_hall2410_sensor15918c15924_electric-mains_electric-combined.csv.gz
262,2018-03,197.219201,True,11,Departamento,3,0.902031,0.944711,0.335995,0.806452,177.897795,sensordata/home262_hall2404_sensor15991c16000_electric-mains_electric-combined.csv.gz
262,2018-04,162.055846,True,11,Departamento,2,0.933902,0.972475,0.285516,0.9,151.34428,sensordata/home262_hall2404_sensor15991c16000_electric-mains_electric-combined.csv.gz
262,2018-06,141.95978,True,11,Departamento,2,0.906359,0.928757,0.316136,0.833333,128.666496,sensordata/home262_hall2404_sensor15991c16000_electric-mains_electric-combined.csv.gz
263,2018-03,297.369585,True,10,Casa,6,0.911641,0.943219,0.266661,0.806452,271.094267,sensordata/home263_hall2427_sensor16104c16108_electric-mains_electric-combined.csv.gz
263,2018-04,257.932361,True,10,Casa,5,0.943352,0.973979,0.256952,0.9,243.32107,sensordata/home263_hall2427_sensor16104c16108_electric-mains_electric-combined.csv.gz
264,2018-04,299.790057,True,13,Casa,6,0.931852,0.961206,0.289749,0.833333,279.360036,sensordata/home264_hall2438_sensor16187c16189_electric-mains_electric-combined.csv.gz
266,2018-06,258.844166,False,20,Casa,3,0.940258,0.961019,0.19565,0.866667,243.380225,sensordata/home266_hall2449_sensor16248c16252_electric-mains_electric-combined.csv.gz
267,2018-06,245.462687,False,10,Departamento,4,0.924253,0.949012,0.202802,0.866667,226.869646,sensordata/home267_hall2458_sensor16348c16352_electric-mains_electric-combined.csv.gz
268,2018-04,129.232657,False,13,Casa,1,0.930095,0.981896,0.20308,0.866667,120.198586,sensordata/home268_hall2470_sensor16411c16415_electric-mains_electric-combined.csv.gz
268,2018-06,92.078389,False,13,Casa,0,0.911978,0.943613,0.19197,0.866667,83.973501,sensordata/home268_hall2470_sensor16411c16415_electric-mains_electric-combined.csv.gz
271,2018-03,342.136838,True,12,Casa,7,0.909219,0.949991,0.282671,0.83871,311.077444,sensordata/home271_hall2523_sensor16781c16790_electric-mains_electric-combined.csv.gz
271,2018-04,314.28496,True,12,Casa,7,0.937209,0.97806,0.276604,0.866667,294.550847,sensordata/home271_hall2523_sensor16781c16790_electric-mains_electric-combined.csv.gz
271,2018-06,267.2273,True,12,Casa,6,0.929358,0.955118,0.27037,0.833333,248.349939,sensordata/home271_hall2523_sensor16781c16790_electric-mains_electric-combined.csv.gz
278,2018-04,416.177144,True,6,Departamento,7,0.917806,0.961748,0.25308,0.9,381.970016,sensordata/home278_hall2569_sensor17200c17282_electric-mains_electric-combined.csv.gz
278,2018-06,221.615088,False,6,Departamento,3,0.900238,0.92812,0.235961,0.8,199.506332,sensordata/home278_hall2569_sensor17200c17282_electric-mains_electric-combined.csv.gz
279,2018-04,166.69477,False,18,Departamento,2,0.910259,0.948245,0.156814,0.866667,151.735394,sensordata/home279_hall2583_sensor17344c17346_electric-mains_electric-combined.csv.gz
281,2018-03,271.950036,False,15,Casa,3,0.920902,0.95832,0.227369,0.83871,250.439365,sensordata/home281_livingroom2602_sensor17671c17675_electric-mains_electric-combined.csv.gz
281,2018-04,252.494401,False,15,Casa,2,0.952321,0.984435,0.247313,0.933333,240.455815,sensordata/home281_livingroom2602_sensor17671c17675_electric-mains_electric-combined.csv.gz
281,2018-06,237.223506,False,15,Casa,2,0.94588,0.965931,0.212017,0.866667,224.384882,sensordata/home281_livingroom2602_sensor17671c17675_electric-mains_electric-combined.csv.gz
283,2018-04,279.400713,False,15,Casa,5,0.921529,0.962169,0.227024,0.833333,257.475841,sensordata/home283_utility2622_sensor17795c17799_electric-mains_electric-combined.csv.gz
284,2018-04,164.1221,False,13,Departamento,1,0.92678,0.955836,0.210383,0.833333,152.105032,sensordata/home284_hall2629_sensor17882c17886_electric-mains_electric-combined.csv.gz
286,2018-03,306.224073,False,22,Departamento,5,0.912362,0.95317,0.2295,0.806452,279.387107,sensordata/home286_utility2646_sensor18084c18088_electric-mains_electric-combined.csv.gz
286,2018-04,287.576651,False,22,Departamento,4,0.948585,0.985113,0.191298,0.9,272.790973,sensordata/home286_utility2646_sensor18084c18088_electric-mains_electric-combined.csv.gz
287,2018-03,262.317022,True,12,Departamento,4,0.903979,0.944498,0.268187,0.83871,237.129175,sensordata/home287_bedroom2676_sensor18496c18492_electric-mains_electric-combined.csv.gz
287,2018-04,210.511294,False,12,Departamento,3,0.931608,0.96472,0.237397,0.866667,196.114092,sensordata/home287_bedroom2676_sensor18496c18492_electric-mains_electric-combined.csv.gz
290,2018-03,531.623559,True,17,Casa,10,0.91946,0.958212,0.304037,0.806452,488.806676,sensordata/home290_other2691_sensor18644c18653_electric-mains_electric-combined.csv.gz
290,2018-04,447.007818,True,17,Casa,10,0.952551,0.988632,0.299934,0.9,425.797883,sensordata/home290_other2691_sensor18644c18653_electric-mains_electric-combined.csv.gz
290,2018-06,405.314862,True,17,Casa,9,0.944255,0.963,0.270197,0.866667,382.720748,sensordata/home290_other2691_sensor18644c18653_electric-mains_electric-combined.csv.gz
292,2018-04,169.846638,True,16,Departamento,3,0.902895,0.948914,0.271329,0.833333,153.353625,sensordata/home292_hall2662_sensor18261c18273_electric-mains_electric-combined.csv.gz
294,2018-04,199.977851,False,14,Departamento,3,0.923147,0.955167,0.190991,0.9,184.609029,sensordata/home294_kitchen2715_sensor18972c18976_electric-mains_electric-combined.csv.gz
294,2018-06,145.524565,True,14,Departamento,2,0.905868,0.924308,0.256328,0.866667,131.826055,sensordata/home294_kitchen2715_sensor18972c18976_electric-mains_electric-combined.csv.gz
298,2018-03,397.988117,False,8,Casa,12,0.912065,0.94817,0.19427,0.83871,362.991112,sensordata/home298_livingroom2740_sensor19204c19208_electric-mains_electric-combined.csv.gz
298,2018-04,311.071201,False,8,Casa,7,0.944252,0.97266,0.211733,0.866667,293.729701,sensordata/home298_livingroom2740_sensor19204c19208_electric-mains_electric-combined.csv.gz
298,2018-06,212.595883,True,8,Casa,2,0.932233,0.95465,0.296483,0.833333,198.188985,sensordata/home298_livingroom2740_sensor19204c19208_electric-mains_electric-combined.csv.gz
299,2018-04,119.705175,False,16,Casa,1,0.918764,0.965405,0.211173,0.866667,109.980746,sensordata/home299_outside2753_sensor19275c19280_electric-mains_electric-combined.csv.gz
299,2018-06,109.428501,False,16,Casa,1,0.911978,0.935058,0.219715,0.833333,99.796429,sensordata/home299_outside2753_sensor19275c19280_electric-mains_electric-combined.csv.gz
300,2018-03,169.944448,True,12,Departamento,1,0.904125,0.941655,0.30527,0.83871,153.651052,sensordata/home300_cupboard2764_sensor19362c19364_electric-mains_electric-combined.csv.gz
300,2018-04,141.863381,True,12,Departamento,1,0.932371,0.971317,0.273472,0.9,132.269323,sensordata/home300_cupboard2764_sensor19362c19364_electric-mains_electric-combined.csv.gz
304,2018-06,428.680887,False,9,Departamento,11,0.931889,0.955539,0.240704,0.8,399.482955,sensordata/home304_bedroom2794_sensor19657c19661_electric-mains_electric-combined.csv.gz
305,2018-04,244.720712,True,11,Casa,5,0.948883,0.986065,0.266214,0.9,232.211348,sensordata/home305_hall2801_sensor19723c19727_electric-mains_electric-combined.csv.gz
305,2018-06,210.594086,True,11,Casa,3,0.943181,0.9635,0.285725,0.866667,198.628409,sensordata/home305_hall2801_sensor19723c19727_electric-mains_electric-combined.csv.gz
307,2018-06,350.942981,False,13,Casa,7,0.927377,0.945822,0.241459,0.866667,325.456559,sensordata/home307_hall2818_sensor19842c19844_electric-mains_electric-combined.csv.gz
310,2018-04,173.947989,True,13,Departamento,3,0.939277,0.974153,0.369233,0.9,163.385279,sensordata/home310_bedroom2845_sensor20053c20057_electric-mains_electric-combined.csv.gz
311,2018-04,162.543879,False,16,Departamento,2,0.924482,0.966264,0.225479,0.8,150.268932,sensordata/home311_hall2851_sensor20141c20143_electric-mains_electric-combined.csv.gz
315,2018-04,218.279887,False,13,Casa,3,0.912445,0.94984,0.187468,0.833333,199.168439,sensordata/home315_hall2869_sensor20231c20235_electric-mains_electric-combined.csv.gz
316,2018-04,438.316375,False,13,Casa,10,0.94459,0.977852,0.244641,0.866667,414.029386,sensordata/home316_hall2880_sensor20373c20377_electric-mains_electric-combined.csv.gz
316,2018-06,385.146649,False,13,Casa,9,0.935449,0.946472,0.228456,0.8,360.284927,sensordata/home316_hall2880_sensor20373c20377_electric-mains_electric-combined.csv.gz
318,2018-04,268.843671,True,9,Casa,4,0.947138,0.986231,0.261889,0.9,254.631985,sensordata/home318_kitchen2898_sensor20466c20478_electric-mains_electric-combined.csv.gz
318,2018-06,271.086466,False,9,Casa,4,0.940823,0.965178,0.241289,0.866667,255.044255,sensordata/home318_kitchen2898_sensor20466c20478_electric-mains_electric-combined.csv.gz
319,2018-04,156.029159,False,10,Departamento,2,0.932665,0.963847,0.13276,0.866667,145.522954,sensordata/home319_hall2900_sensor20503c20507_electric-mains_electric-combined.csv.gz
321,2018-04,250.037068,True,8,Departamento,6,0.944286,0.977257,0.289725,0.9,236.106473,sensordata/home321_hall2923_sensor20893c20897_electric-mains_electric-combined.csv.gz
323,2018-04,166.94827,False,11,Departamento,1,0.900645,0.928113,0.20433,0.8,150.361135,sensordata/home323_hall2929_sensor20921c20925_electric-mains_electric-combined.csv.gz
323,2018-06,139.93839,False,11,Departamento,0,0.927981,0.938512,0.183984,0.866667,129.860126,sensordata/home323_hall2929_sensor20921c20925_electric-mains_electric-combined.csv.gz
325,2018-04,321.220218,False,14,Casa,6,0.933538,0.944588,0.1989,0.866667,299.871342,sensordata/home325_other2956_sensor21090c21094_electric-mains_electric-combined.csv.gz
328,2018-06,117.226043,False,12,Departamento,1,0.916249,0.933169,0.232091,0.833333,107.408226,sensordata/home328_hall2976_sensor21287c21291_electric-mains_electric-combined.csv.gz
331,2018-06,132.223757,False,11,Casa,1,0.904727,0.931215,0.218137,0.866667,119.626383,sensordata/home331_hall2999_sensor21563c21567_electric-mains_electric-combined.csv.gz
333,2018-06,124.356743,False,6,Departamento,2,0.915288,0.933361,0.167035,0.866667,113.822259,sensordata/home333_hall3015_sensor21748c21765_electric-mains_electric-combined.csv.gz
335,2018-06,258.874568,True,15,Casa,6,0.931207,0.959757,0.297094,0.866667,241.065755,sensordata/home335_hall3034_sensor21969c21974_electric-mains_electric-combined.csv.gz
